,Open,High,Low,Close,Adjusted Close,Volume,Dividend Amount,Split Coefficient
2020-01-02,296.24,300.6,295.19,300.35,72.8774802487163,33911864,0.0000,1.0
2020-01-03,297.15,300.58,296.5,297.43,72.1689660408713,36633878,0.0000,1.0
2020-01-06,293.79,299.96,292.75,299.8,72.7440272301154,29644644,0.0000,1.0
2020-01-07,299.84,300.9,297.48,298.39,72.401902218793,27877655,0.0000,1.0
2020-01-08,297.16,304.44,297.16,303.19,73.5665831084012,33090946,0.0000,1.0
2020-01-09,307.24,310.43,306.2,309.63,75.1291966352923,42621542,0.0000,1.0
2020-01-10,310.6,312.67,308.25,310.33,75.2990459316935,35217272,0.0000,1.0
2020-01-13,311.64,317.07,311.15,316.96,76.9077614104649,30028742,0.0000,1.0
2020-01-14,316.7,317.57,312.17,312.68,75.8692542838975,40653457,0.0000,1.0
2020-01-15,311.85,315.5,309.55,311.34,75.5441142022152,30480882,0.0000,1.0
2020-01-16,313.59,315.7,312.09,315.24,76.4904174250219,27207254,0.0000,1.0
2020-01-17,316.27,318.74,315.0,318.73,77.3372374885079,34454117,0.0000,1.0
2020-01-21,317.19,319.02,316.0,316.57,76.8131310881842,27235039,0.0000,1.0
2020-01-22,318.58,319.99,317.31,317.7,77.0873163809461,25458115,0.0000,1.0
2020-01-23,317.92,319.56,315.65,319.23,77.4585584145088,26117993,0.0000,1.0
2020-01-24,320.25,323.33,317.52,318.31,77.2353279106672,36634380,0.0000,1.0
2020-01-27,310.06,311.77,304.88,308.95,74.9642001759311,40485005,0.0000,1.0
2020-01-28,312.6,318.4,312.19,317.69,77.0848899624261,40558486,0.0000,1.0
2020-01-29,324.45,327.85,321.38,324.34,78.6984582782376,54149928,0.0000,1.0
2020-01-30,320.54,324.09,318.75,323.87,78.5844166077968,31685808,0.0000,1.0
2020-01-31,320.93,322.68,308.29,309.51,75.1000796130521,49897096,0.0000,1.0
2020-02-03,304.3,313.49,302.22,308.66,74.8938340388506,43496401,0.0000,1.0
2020-02-04,315.31,319.64,313.63,318.85,77.3663545107481,34154134,0.0000,1.0
2020-02-05,323.52,324.76,318.95,321.45,77.9972233259526,29706718,0.0000,1.0
2020-02-06,322.57,325.22,320.26,325.21,78.9095566894791,26356385,0.0000,1.0
2020-02-07,322.37,323.4,318.0,320.03,77.8395061221515,29421012,0.7700,1.0
2020-02-10,314.18,321.55,313.85,321.55,78.209209116576,27337215,0.0000,1.0
2020-02-11,323.6,323.9,318.71,319.61,77.7373513473763,23580780,0.0000,1.0
2020-02-12,321.47,327.22,321.47,327.2,79.5834340629565,28432573,0.0000,1.0
2020-02-13,324.19,326.22,323.35,324.87,79.0167182886084,23686892,0.0000,1.0
2020-02-14,324.74,325.98,322.85,324.95,79.0361763409465,20028447,0.0000,1.0
2020-02-18,315.36,319.75,314.61,319.0,77.588983698298,38190545,0.0000,1.0
2020-02-19,320.0,324.57,320.0,323.62,78.7126862208251,23495991,0.0000,1.0
2020-02-20,322.63,324.65,318.21,320.3,77.9051770487927,25141489,0.0000,1.0
2020-02-21,318.62,320.45,310.5,313.05,76.1417910556495,32426415,0.0000,1.0
2020-02-24,297.26,304.18,289.23,298.18,72.5250255772994,55548828,0.0000,1.0
2020-02-25,300.95,302.53,286.13,288.08,70.0684464696103,57668364,0.0000,1.0
2020-02-26,286.53,297.88,286.5,292.65,71.1799877094261,49678431,0.0000,1.0
2020-02-27,281.1,286.0,272.96,273.52,66.5270809440705,80151381,0.0000,1.0
2020-02-28,257.26,278.41,256.37,273.36,66.4881648393942,106721230,0.0000,1.0
2020-03-02,282.28,301.44,277.72,298.81,72.6782577394622,85349339,0.0000,1.0
2020-03-03,303.67,304.0,285.8,289.32,70.3700462808514,79868852,0.0000,1.0
2020-03-04,296.44,303.4,293.13,302.74,73.6341345605729,54794568,0.0000,1.0
2020-03-05,295.52,299.55,291.41,292.92,71.2456586360673,46893219,0.0000,1.0
2020-03-06,282.0,290.82,281.23,289.03,70.2995108411256,56544246,0.0000,1.0
2020-03-09,263.75,278.09,263.0,266.17,64.7393723855047,71686208,0.0000,1.0
2020-03-10,277.14,286.44,269.37,285.34,69.4020081770293,71322520,0.0000,1.0
2020-03-11,277.39,281.22,271.86,275.43,66.9916419436433,64094970,0.0000,1.0
2020-03-12,255.94,270.0,248.0,248.23,60.3759041486787,104618517,0.0000,1.0
2020-03-13,264.89,279.92,252.95,277.97,67.609435105379,92683032,0.0000,1.0
2020-03-16,241.95,259.08,240.0,242.21,58.9116857102344,80605865,0.0000,1.0
2020-03-17,247.51,257.61,238.4,252.86,61.5020389277481,81013965,0.0000,1.0
2020-03-18,239.77,250.0,237.12,246.67,59.9964721280852,75058406,0.0000,1.0
2020-03-19,247.39,252.84,242.61,244.78,59.5367756415968,67964255,0.0000,1.0
2020-03-20,247.18,251.83,228.0,229.24,55.7570489749149,100423346,0.0000,1.0
2020-03-23,228.08,228.5,212.61,224.37,54.5725400388311,84188208,0.0000,1.0
2020-03-24,236.36,247.69,234.3,246.88,60.0475495154728,71882773,0.0000,1.0
2020-03-25,250.75,258.25,244.3,245.52,59.7167626257246,75900510,0.0000,1.0
2020-03-26,246.52,258.68,246.36,258.44,62.8592380783327,63140169,0.0000,1.0
2020-03-27,252.75,255.87,247.05,247.74,60.2567235781077,51054153,0.0000,1.0
2020-03-30,250.74,255.52,249.4,254.81,61.97632895349,41994110,0.0000,1.0
2020-03-31,255.6,262.49,252.0,254.29,61.8498516132922,49250501,0.0000,1.0
2020-04-01,246.5,248.72,239.13,240.91,58.5954923597398,44054638,0.0000,1.0
2020-04-02,240.34,245.15,236.9,244.93,59.5732594897308,41483493,0.0000,1.0
2020-04-03,242.8,245.7,238.97,241.41,58.7171051868531,32470017,0.0000,1.0
2020-04-06,250.9,263.11,249.38,262.47,63.8394374648661,50455071,0.0000,1.0
2020-04-07,270.8,271.7,259.0,259.43,63.1000314760171,50721831,0.0000,1.0
2020-04-08,262.74,267.37,261.23,266.07,64.715049820082,42223821,0.0000,1.0
2020-04-09,268.7,270.07,264.7,267.99,65.1820430761971,40529123,0.0000,1.0
2020-04-13,268.31,273.7,265.83,273.25,66.4614100174293,32755731,0.0000,1.0
2020-04-14,280.0,288.25,278.05,287.05,69.8179240457569,48748672,0.0000,1.0
2020-04-15,282.4,286.33,280.63,284.43,69.1806728316831,32788641,0.0000,1.0
2020-04-16,287.38,288.2,282.35,286.69,69.7303628102353,39281290,0.0000,1.0
2020-04-17,284.69,286.95,276.86,282.8,68.7842150152937,53812478,0.0000,1.0
2020-04-20,277.95,281.68,276.85,276.93,67.3564804249833,32503750,0.0000,1.0
2020-04-21,276.28,277.25,265.43,268.37,65.2744688248033,45247893,0.0000,1.0
2020-04-22,273.61,277.9,272.2,276.1,67.1546031319752,29264342,0.0000,1.0
2020-04-23,275.87,281.75,274.87,275.03,66.8943516819527,31203582,0.0000,1.0
2020-04-24,277.2,283.01,277.0,282.97,68.8255633765122,31627183,0.0000,1.0
2020-04-27,281.8,284.54,279.95,283.17,68.8742085073575,29271893,0.0000,1.0
2020-04-28,285.08,285.83,278.2,278.58,67.7578027544573,28001187,0.0000,1.0
2020-04-29,284.73,289.67,283.89,287.73,69.983317490631,34320204,0.0000,1.0
2020-04-30,289.96,294.53,288.35,293.8,71.4596972117867,45765968,0.0000,1.0
2020-05-01,286.25,299.0,285.85,289.07,70.3092398672947,60154175,0.0000,1.0
2020-05-04,289.17,293.69,286.32,293.16,71.3040327930817,33391986,0.0000,1.0
2020-05-05,295.06,301.0,294.46,297.56,72.3742256716789,36937795,0.0000,1.0
2020-05-06,300.46,303.24,298.87,300.63,73.1209284301547,35583438,0.0000,1.0
2020-05-07,303.22,305.17,301.97,303.74,73.8773602147995,28803764,0.0000,1.0
2020-05-08,305.64,310.35,304.29,310.13,75.6310171817736,33511985,0.8200,1.0
2020-05-11,308.1,317.05,307.24,315.01,76.8210967092203,36486561,0.0000,1.0
2020-05-12,317.83,319.69,310.91,311.41,75.9431691889727,40575263,0.0000,1.0
2020-05-13,312.15,315.95,303.21,307.65,75.0262226678253,50155639,0.0000,1.0
2020-05-14,304.51,309.79,301.53,309.54,75.4871346159552,39732269,0.0000,1.0
2020-05-15,300.35,307.9,300.21,307.71,75.0408547931627,41587094,0.0000,1.0
2020-05-18,313.17,316.5,310.32,314.96,76.8089032714391,33843125,0.0000,1.0
2020-05-19,315.03,318.52,313.01,313.14,76.3650621362028,25432385,0.0000,1.0
2020-05-20,316.68,319.52,316.52,319.23,77.850222857955,27876215,0.0000,1.0
2020-05-21,318.66,320.89,315.87,316.85,77.2698152195691,25672211,0.0000,1.0
2020-05-22,315.77,319.23,315.35,318.89,77.7673074810427,20450754,0.0000,1.0
2020-05-26,323.5,324.24,316.5,316.73,77.2405509688942,31380454,0.0000,1.0
2020-05-27,316.14,318.71,313.09,318.11,77.5770898516558,28236274,0.0000,1.0
2020-05-28,316.77,323.44,315.63,318.25,77.6112314774432,33449103,0.0000,1.0
2020-05-29,319.25,321.15,316.47,317.94,77.5356321631996,38399532,0.0000,1.0
2020-06-01,317.75,322.35,317.21,321.85,78.4891589976908,20254653,0.0000,1.0
2020-06-02,320.75,323.44,318.93,323.34,78.852523443571,21910704,0.0000,1.0
2020-06-03,324.66,326.2,322.3,325.12,79.2866098285823,26122804,0.0000,1.0
2020-06-04,324.39,325.62,320.78,322.32,78.6037773128342,21890091,0.0000,1.0
2020-06-05,323.35,331.75,323.23,331.5,80.8424924894655,34312550,0.0000,1.0
2020-06-08,330.25,333.6,327.32,333.46,81.3204752504892,23913634,0.0000,1.0
2020-06-09,332.14,345.61,332.01,343.99,83.8884132472134,36928091,0.0000,1.0
2020-06-10,347.9,354.77,346.09,352.84,86.0466517344887,41662938,0.0000,1.0
2020-06-11,349.31,351.06,335.48,335.9,81.9155150142126,50415613,0.0000,1.0
2020-06-12,344.72,347.8,334.22,338.8,82.6227344055231,50036513,0.0000,1.0
2020-06-15,333.25,345.68,332.58,342.99,83.6445444915891,34702230,0.0000,1.0
2020-06-16,351.46,353.2,344.72,352.08,85.8613114802143,41357182,0.0000,1.0
2020-06-17,355.15,355.4,351.09,351.59,85.7418157899583,28601626,0.0000,1.0
2020-06-18,351.41,353.45,349.22,351.73,85.7759574157457,24205096,0.0000,1.0
2020-06-19,354.64,356.56,345.15,349.72,85.2857812169408,66118952,0.0000,1.0
2020-06-22,351.34,359.46,351.15,358.87,87.5171803309035,33861316,0.0000,1.0
2020-06-23,364.0,372.38,362.27,366.53,89.3852149989858,53038869,0.0000,1.0
2020-06-24,365.0,368.79,358.52,360.06,87.8073841500964,48155849,0.0000,1.0
2020-06-25,360.7,365.0,357.57,364.84,88.9730768019807,34380628,0.0000,1.0
2020-06-26,364.41,365.32,353.02,353.63,86.239308051432,51314211,0.0000,1.0
2020-06-29,353.25,362.1736,351.28,361.78,88.2268384097703,32661519,0.0000,1.0
2020-06-30,360.08,365.98,360.0,364.8,88.9633220517557,35055821,0.0000,1.0
2020-07-01,365.12,367.36,363.91,364.11,88.795052610375,27690454,0.0000,1.0
2020-07-02,367.85,370.47,363.64,364.11,88.795052610375,28814516,0.0000,1.0
2020-07-06,370.0,375.78,369.87,373.85,91.1703342901559,29745936,0.0000,1.0
2020-07-07,375.41,378.62,372.23,372.69,90.8874465336317,28206999,0.0000,1.0
2020-07-08,376.72,381.5,376.36,381.37,93.0042273324509,29274479,0.0000,1.0
2020-07-09,385.05,385.27,378.69,383.01,93.4041720916748,31420357,0.0000,1.0
2020-07-10,381.34,383.92,378.82,383.68,93.5675641579431,22564330,0.0000,1.0
2020-07-13,389.06,399.82,381.03,381.91,93.135916460488,47913079,0.0000,1.0
2020-07-14,379.36,389.02,375.51,388.23,94.6771669960338,42748119,0.0000,1.0
2020-07-15,395.96,396.99,385.96,390.9,95.3282965735508,38306874,0.0000,1.0
2020-07-16,386.25,389.62,383.62,386.09,94.1552878589977,27645927,0.0000,1.0
2020-07-17,387.95,388.59,383.36,385.31,93.9650702296108,23046755,0.0000,1.0
2020-07-20,385.67,394.0,384.25,393.43,95.9452845252803,22397208,0.0000,1.0
2020-07-21,396.69,397.0,386.97,388.0,94.6210771822402,25627347,0.0000,1.0
2020-07-22,386.77,391.9,386.41,389.09,94.8868941258707,22250413,0.0000,1.0
2020-07-23,387.9935,388.31,368.039,371.38,90.5679784637638,49251108,0.0000,1.0
2020-07-24,363.95,371.88,356.58,370.46,90.3436192085894,46359716,0.0000,1.0
2020-07-27,374.84,379.62,373.92,379.24,92.4847868829711,30303548,0.0000,1.0
2020-07-28,377.47,378.1986,372.99,373.01,90.9654845354315,25906375,0.0000,1.0
2020-07-29,375.0,380.92,374.85,380.16,92.7091461381455,22582314,0.0000,1.0
2020-07-30,376.75,385.19,375.07,384.76,93.8309424140174,39532505,0.0000,1.0
2020-07-31,411.535,425.66,403.3,425.04,103.653975890565,93573867,0.0000,1.0
2020-08-03,432.8,446.5457,431.57,435.75,106.265810263302,77037847,0.0000,1.0
2020-08-04,436.53,443.16,433.55,438.66,106.975468342169,43198092,0.0000,1.0
2020-08-05,437.51,441.57,435.59,440.25,107.363219663611,30497988,0.0000,1.0
2020-08-06,441.62,457.65,439.19,455.61,111.109043750001,50607225,0.0000,1.0
2020-08-07,452.82,454.7,441.17,444.45,108.587440816846,49511403,0.8200,1.0
2020-08-10,450.4,455.1,440.0,450.91,110.165739540384,53100856,0.0000,1.0
2020-08-11,447.875,449.93,436.4267,437.5,106.889425936258,46975594,0.0000,1.0
2020-08-12,441.99,453.1,441.19,452.04,110.44181965766,41486205,0.0000,1.0
2020-08-13,457.72,464.17,455.71,460.04,112.396369160494,52520516,0.0000,1.0
2020-08-14,459.315,460.0,452.18,459.63,112.296198498474,41391302,0.0000,1.0
2020-08-17,464.25,464.35,455.8501,458.43,112.003016073049,29431414,0.0000,1.0
2020-08-18,457.41,464.0,456.03,462.25,112.936313460652,26408385,0.0000,1.0
2020-08-19,463.933,468.65,462.44,462.83,113.078018299608,36384502,0.0000,1.0
2020-08-20,463.0,473.568,462.9335,473.1,115.587171223871,31726797,0.0000,1.0
2020-08-21,477.05,499.472,477.0,497.48,121.543660833759,84513660,0.0000,1.0
2020-08-24,514.79,515.14,495.745,503.43,122.997357026492,86484442,0.0000,1.0
2020-08-25,498.79,500.7172,492.21,499.3,121.988320845654,52873947,0.0000,1.0
2020-08-26,504.7165,507.97,500.33,506.09,123.647244736185,40755567,0.0000,1.0
2020-08-27,508.57,509.94,495.33,500.04,122.169116674666,38888096,0.0000,1.0
2020-08-28,504.05,505.77,498.31,499.23,121.971218537504,46907479,0.0000,1.0
2020-08-31,127.58,131.0,126.0,129.04,126.107533922878,223505733,0.0000,4.0
2020-09-01,132.76,134.8,130.53,134.18,131.130726145162,152470142,0.0000,1.0
2020-09-02,137.59,137.98,127.0,131.4,128.413902336222,200118991,0.0000,1.0
2020-09-03,126.91,128.84,120.5,120.88,118.132971951313,257599640,0.0000,1.0
2020-09-04,120.07,123.7,110.89,120.96,118.211153931427,332607163,0.0000,1.0
2020-09-08,113.95,118.99,112.68,112.82,110.25613745489,231366563,0.0000,1.0
2020-09-09,117.26,119.14,115.26,117.32,114.653873836268,176940455,0.0000,1.0
2020-09-10,120.36,120.5,112.5,113.49,110.91091153834,182274391,0.0000,1.0
2020-09-11,114.57,115.23,110.0,112.0,109.454772158728,180860325,0.0000,1.0
2020-09-14,114.72,115.93,112.8,115.355,112.733528949733,140150087,0.0000,1.0
2020-09-15,118.33,118.829,113.61,115.54,112.914324778745,184642039,0.0000,1.0
2020-09-16,115.23,116.0,112.04,112.13,109.581817876413,155026675,0.0000,1.0
2020-09-17,109.72,112.2,108.71,110.34,107.832496071376,178010968,0.0000,1.0
2020-09-18,110.4,110.88,106.09,106.84,104.412034441416,287104882,0.0000,1.0
2020-09-21,104.54,110.19,103.1,110.08,107.578404636007,195713815,0.0000,1.0
2020-09-22,112.68,112.86,109.16,111.81,109.269089955959,183055373,0.0000,1.0
2020-09-23,111.62,112.11,106.77,107.12,104.685671371812,150718671,0.0000,1.0
2020-09-24,105.17,110.25,105.0,108.22,105.760673598371,167743349,0.0000,1.0
2020-09-25,108.43,112.44,107.67,112.28,109.728409089125,149981441,0.0000,1.0
2020-09-28,115.01,115.32,112.78,114.96,112.347505422923,137672403,0.0000,1.0
2020-09-29,114.55,115.31,113.57,114.09,111.49727638919,100060526,0.0000,1.0
2020-09-30,113.79,117.26,113.62,115.81,113.178188961628,142675184,0.0000,1.0
2020-10-01,117.64,117.72,115.83,116.79,114.135918218017,116120440,0.0000,1.0
2020-10-02,112.89,115.37,112.22,113.02,110.451592405174,144711986,0.0000,1.0
2020-10-05,113.91,116.65,113.55,116.5,113.852508540106,106243839,0.0000,1.0
2020-10-06,115.7,116.12,112.25,113.16,110.588410870372,161498212,0.0000,1.0
2020-10-07,114.62,115.55,114.13,115.08,112.464778393093,96848985,0.0000,1.0
2020-10-08,116.25,116.4,114.5901,114.97,112.357278170438,83477153,0.0000,1.0
2020-10-09,115.28,117.0,114.92,116.97,114.311827673272,100506865,0.0000,1.0
2020-10-12,120.06,125.18,119.2845,124.4,121.572979076302,240226769,0.0000,1.0
2020-10-13,125.27,125.39,119.65,121.1,118.347972396625,262330451,0.0000,1.0
2020-10-14,121.0,123.03,119.62,121.19,118.435927124253,151062308,0.0000,1.0
2020-10-15,118.72,121.2,118.15,120.71,117.966835243572,112559219,0.0000,1.0
2020-10-16,121.28,121.548,118.81,119.02,116.315240913677,115393808,0.0000,1.0
2020-10-19,119.96,120.419,115.66,115.98,113.344325669369,120639337,0.0000,1.0
2020-10-20,116.2,118.98,115.63,117.51,114.839556039037,124423728,0.0000,1.0
2020-10-21,116.67,118.705,116.45,116.87,114.21410019813,89945980,0.0000,1.0
2020-10-22,117.45,118.04,114.59,115.75,113.119552476543,101987954,0.0000,1.0
2020-10-23,116.39,116.55,114.28,115.04,112.425687403037,82572645,0.0000,1.0
2020-10-26,114.01,116.55,112.88,115.05,112.435460150551,111850657,0.0000,1.0
2020-10-27,115.49,117.28,114.5399,116.6,113.950236015248,92276772,0.0000,1.0
2020-10-28,115.05,115.43,111.1,111.2,108.672952357595,143937823,0.0000,1.0
2020-10-29,112.37,116.93,112.2,115.32,112.699324333434,146129173,0.0000,1.0
2020-10-30,111.06,111.99,107.72,108.86,106.386129439278,190573476,0.0000,1.0
2020-11-02,109.11,110.68,107.32,108.77,106.298174711651,122866899,0.0000,1.0
2020-11-03,109.66,111.49,108.73,110.44,107.930223546518,107624448,0.0000,1.0
2020-11-04,114.14,115.59,112.35,114.95,112.337732675409,138235482,0.0000,1.0
2020-11-05,117.95,119.62,116.8686,119.03,116.325013661191,126387074,0.0000,1.0
2020-11-06,118.32,119.2,116.13,118.69,116.19308156975,114457922,0.2050,1.0
2020-11-09,120.5,121.99,116.05,116.32,113.872939996574,154515315,0.0000,1.0
2020-11-10,115.55,117.59,114.13,115.97,113.530303055387,138023390,0.0000,1.0
2020-11-11,117.19,119.63,116.44,119.49,116.976251721033,112294954,0.0000,1.0
2020-11-12,119.62,120.53,118.57,119.21,116.702142168084,103350674,0.0000,1.0
2020-11-13,119.44,119.6717,117.87,119.26,116.751090302539,81688586,0.0000,1.0
2020-11-16,118.92,120.99,118.146,120.3,117.769211499208,91183018,0.0000,1.0
2020-11-17,119.55,120.6741,118.96,119.39,116.878355452123,74270973,0.0000,1.0
2020-11-18,118.61,119.82,118.0,118.03,115.546966194941,76322111,0.0000,1.0
2020-11-19,117.59,119.06,116.81,118.64,116.144133435295,74112972,0.0000,1.0
2020-11-20,118.64,118.77,117.29,117.34,114.87148193946,73604287,0.0000,1.0
2020-11-23,117.18,117.6202,113.75,113.85,111.454902154487,127959318,0.0000,1.0
2020-11-24,113.91,115.85,112.59,115.17,112.747132904104,113226248,0.0000,1.0
2020-11-25,115.55,116.75,115.17,116.03,113.589040816734,76499234,0.0000,1.0
2020-11-27,116.57,117.49,116.22,116.59,114.137259922632,46691331,0.0000,1.0
2020-11-30,116.97,120.97,116.81,119.05,116.545508137828,169410176,0.0000,1.0
2020-12-01,121.01,123.4693,120.01,122.72,120.138301206839,125920963,0.0000,1.0
2020-12-02,122.02,123.37,120.89,123.08,120.490727774917,89004195,0.0000,1.0
2020-12-03,123.52,123.78,122.21,122.94,120.353672998442,78967630,0.0000,1.0
2020-12-04,122.6,122.8608,121.52,122.25,119.67818874296,78260421,0.0000,1.0
2020-12-07,122.31,124.57,122.25,123.75,121.146632776616,86711990,0.0000,1.0
2020-12-08,124.37,124.98,123.09,124.38,121.763379270752,82225512,0.0000,1.0
2020-12-09,124.53,125.95,121.0,121.78,119.218076279081,115089193,0.0000,1.0
2020-12-10,120.5,123.87,120.15,123.24,120.647361805173,81312170,0.0000,1.0
2020-12-11,122.43,122.76,120.55,122.41,119.834822773217,86939786,0.0000,1.0
2020-12-14,122.6,123.35,121.54,121.78,119.218076279081,79075988,0.0000,1.0
2020-12-15,124.34,127.9,124.13,127.88,125.189748682616,157572262,0.0000,1.0
2020-12-16,127.41,128.37,126.56,127.81,125.121221294378,98208591,0.0000,1.0
2020-12-17,128.9,129.58,128.045,128.7,125.992498087681,94359811,0.0000,1.0
2020-12-18,128.96,129.1,126.12,126.655,123.990519388463,192541496,0.0000,1.0
2020-12-21,125.02,128.31,123.449,128.23,125.532385623802,121251553,0.0000,1.0
2020-12-22,131.61,134.405,129.65,131.88,129.105599439031,169351825,0.0000,1.0
2020-12-23,132.16,132.43,130.78,130.96,128.204953765056,88223692,0.0000,1.0
2020-12-24,131.32,133.46,131.1,131.97,129.193706081051,54930064,0.0000,1.0
2020-12-28,133.99,137.34,133.51,136.69,133.814409973622,123124632,0.0000,1.0
2020-12-29,138.05,138.789,134.3409,134.87,132.032697879452,121047324,0.0000,1.0
2020-12-30,135.58,135.99,133.4,133.72,130.906890786983,96452124,0.0000,1.0
2020-12-31,134.08,134.74,131.72,132.69,129.898559217206,99116586,0.0000,1.0
2021-01-04,133.52,133.6116,126.76,129.41,126.687561596945,143301887,0.0000,1.0
2021-01-05,128.89,131.74,128.43,131.01,128.253901899511,97664898,0.0000,1.0
2021-01-06,127.72,131.0499,126.382,126.6,123.936676440562,155087970,0.0000,1.0
2021-01-07,128.36,131.63,127.86,130.92,128.165795257492,109578157,0.0000,1.0
2021-01-08,132.43,132.63,130.23,132.05,129.272023096179,105158245,0.0000,1.0
2021-01-11,129.19,130.17,128.5,128.98,126.26660764063,100620880,0.0000,1.0
2021-01-12,128.5,129.69,126.86,128.8,126.090394356591,90440255,0.0000,1.0
2021-01-13,128.76,131.45,128.49,130.89,128.136426376819,88636831,0.0000,1.0
2021-01-14,130.8,131.0,128.76,128.91,126.198080252393,90221755,0.0000,1.0
2021-01-15,128.78,130.2242,127.0,127.14,124.465316292679,111598531,0.0000,1.0
2021-01-19,127.78,128.71,126.938,127.83,125.14080054816,90757329,0.0000,1.0
2021-01-20,128.66,132.49,128.55,132.03,129.252443842397,104319489,0.0000,1.0
2021-01-21,133.8,139.67,133.59,136.87,133.99062325766,120529544,0.0000,1.0
2021-01-22,136.28,139.85,135.02,139.07,136.144341173689,114459360,0.0000,1.0
2021-01-25,143.07,145.09,136.54,142.92,139.913347526739,157611713,0.0000,1.0
2021-01-26,143.6,144.3,141.37,143.16,140.148298572124,98390555,0.0000,1.0
2021-01-27,143.43,144.3,140.41,142.06,139.07143961411,140843759,0.0000,1.0
2021-01-28,139.52,141.99,136.7,137.09,134.205995049263,142621128,0.0000,1.0
2021-01-29,135.83,136.74,130.21,131.96,129.18391645416,177523812,0.0000,1.0
2021-02-01,133.75,135.38,130.93,134.14,131.318055116406,106239823,0.0000,1.0
2021-02-02,135.73,136.31,134.61,134.99,132.150173402145,82266419,0.0000,1.0
2021-02-03,135.76,135.77,133.61,133.94,131.122262578586,89880937,0.0000,1.0
2021-02-04,136.3,137.4,134.59,137.39,134.499683855994,84183061,0.0000,1.0
2021-02-05,137.35,137.42,135.86,136.76,134.083624713125,75693830,0.2050,1.0
2021-02-08,136.03,136.96,134.92,136.91,134.230689232772,71297214,0.0000,1.0
2021-02-09,136.62,137.877,135.85,136.01,133.348302114888,75986989,0.0000,1.0
2021-02-10,136.48,136.99,134.4,135.39,132.74043543368,72647988,0.0000,1.0
2021-02-11,135.9,136.39,133.77,135.13,132.485523599624,64280029,0.0000,1.0
2021-02-12,134.35,135.53,133.6921,135.37,132.72082683106,60145130,0.0000,1.0
2021-02-16,135.49,136.01,132.79,133.19,130.583489145519,80576316,0.0000,1.0
2021-02-17,131.25,132.22,129.47,130.84,128.279478337711,97372199,0.0000,1.0
2021-02-18,129.2,129.995,127.41,129.71,127.171592289701,96856748,0.0000,1.0
2021-02-19,130.24,130.71,128.8,129.87,127.328461110658,87668834,0.0000,1.0
2021-02-22,128.01,129.72,125.6,126.0,123.534196503757,102886922,0.0000,1.0
2021-02-23,123.76,126.71,118.39,125.86,123.396936285419,158273022,0.0000,1.0
2021-02-24,124.94,125.56,122.23,125.35,122.896916918618,111039904,0.0000,1.0
2021-02-25,124.68,126.4585,120.54,120.99,118.622241547536,144766924,0.0000,1.0
2021-02-26,122.59,124.85,121.2,121.26,118.886957682901,163424672,0.0000,1.0
2021-03-01,123.75,127.93,122.79,127.79,125.289166438215,116307892,0.0000,1.0
2021-03-02,128.41,128.72,125.01,125.12,122.671417988492,102260945,0.0000,1.0
2021-03-03,124.81,125.71,121.84,122.06,119.671301787687,112966340,0.0000,1.0
2021-03-04,121.75,123.6,118.62,120.13,117.779071634891,178154975,0.0000,1.0
2021-03-05,120.98,121.935,117.57,121.42,119.043826503858,153766601,0.0000,1.0
2021-03-08,120.93,121.0,116.21,116.36,114.082850041088,154376610,0.0000,1.0
2021-03-09,119.03,122.06,118.79,121.085,118.715382409979,129525780,0.0000,1.0
2021-03-10,121.69,122.17,119.45,119.98,117.632007115244,111943326,0.0000,1.0
2021-03-11,122.54,123.21,121.26,121.96,119.573258774589,103026514,0.0000,1.0
2021-03-12,120.4,121.17,119.16,121.03,118.661458752775,88105050,0.0000,1.0
2021-03-15,121.41,124.0,120.42,123.99,121.563531940483,92590555,0.0000,1.0
2021-03-16,125.7,127.22,124.715,125.57,123.112611547434,115227936,0.0000,1.0
2021-03-17,124.05,125.8599,122.336,124.76,122.318463141339,111932636,0.0000,1.0
2021-03-18,122.88,123.18,120.32,120.53,118.171243687284,121469755,0.0000,1.0
2021-03-19,119.9,121.43,119.675,119.99,117.641811416554,185549522,0.0000,1.0
2021-03-22,120.33,123.87,120.26,123.39,120.975273861893,111912284,0.0000,1.0
2021-03-23,123.33,124.24,122.14,122.54,120.141908250558,95467142,0.0000,1.0
2021-03-24,122.82,122.9,120.065,120.09,117.739854429652,88530485,0.0000,1.0
2021-03-25,119.54,121.66,119.0,120.59,118.230069495143,98844681,0.0000,1.0
2021-03-26,120.35,121.48,118.92,121.21,118.837936176352,94071234,0.0000,1.0
2021-03-29,121.65,122.58,120.7299,121.39,119.014413599929,80819203,0.0000,1.0
2021-03-30,120.11,120.4031,118.86,119.9,117.553572704765,85671919,0.0000,1.0
2021-03-31,121.65,123.52,121.15,122.15,119.759540499475,118323826,0.0000,1.0
2021-04-01,123.66,124.18,122.49,123.0,120.59290611081,75089134,0.0000,1.0
2021-04-05,123.87,126.1601,123.07,125.9,123.436153490659,88651175,0.0000,1.0
2021-04-06,126.5,127.13,125.65,126.21,123.740086831263,80171253,0.0000,1.0
2021-04-07,125.83,127.92,125.14,127.9,125.397013752623,83466716,0.0000,1.0
2021-04-08,128.95,130.39,128.52,130.36,127.808871874839,88844591,0.0000,1.0
2021-04-09,129.8,133.04,129.47,132.995,130.392305269977,106686703,0.0000,1.0
2021-04-12,132.52,132.85,130.63,131.24,128.671650390103,91419983,0.0000,1.0
2021-04-13,132.44,134.66,131.93,134.43,131.799222507937,91266545,0.0000,1.0
2021-04-14,134.94,135.0,131.655,132.03,129.446190193579,87222782,0.0000,1.0
2021-04-15,133.82,135.0,133.64,134.5,131.867852617105,89347102,0.0000,1.0
2021-04-16,134.3,134.67,133.28,134.16,131.534506372571,84922386,0.0000,1.0
2021-04-19,133.51,135.47,133.34,134.84,132.201198861639,94264215,0.0000,1.0
2021-04-20,135.02,135.53,131.81,133.11,130.50505473504,94812349,0.0000,1.0
2021-04-21,132.36,133.75,131.3001,133.5,130.887422486123,68847136,0.0000,1.0
2021-04-22,133.04,134.15,131.41,131.94,129.357951481791,84566456,0.0000,1.0
2021-04-23,132.16,135.12,132.16,134.32,131.691375193529,78756779,0.0000,1.0
2021-04-26,134.83,135.06,133.56,134.72,132.083547245921,66905069,0.0000,1.0
2021-04-27,135.01,135.41,134.11,134.39,131.760005302697,66015804,0.0000,1.0
2021-04-28,134.31,135.02,133.08,133.58,130.965856896602,107760097,0.0000,1.0
2021-04-29,136.47,137.07,132.45,133.48,130.867813883504,151100953,0.0000,1.0
2021-04-30,131.78,133.56,131.065,131.46,128.88734501892,109839466,0.0000,1.0
2021-05-03,132.04,134.07,131.83,132.54,129.94620956038,75135100,0.0000,1.0
2021-05-04,131.19,131.4899,126.7,127.85,125.347992246074,137564718,0.0000,1.0
2021-05-05,129.2,130.45,127.97,128.1,125.593099778819,84000900,0.0000,1.0
2021-05-06,127.89,129.75,127.13,129.74,127.20100519363,78128334,0.0000,1.0
2021-05-07,130.85,131.2582,129.475,130.21,127.877501984008,78973273,0.2200,1.0
2021-05-10,129.41,129.54,126.81,126.85,124.577690858393,88071229,0.0000,1.0
2021-05-11,123.5,126.27,122.77,125.91,123.654529412537,126142826,0.0000,1.0
2021-05-12,123.4,124.64,122.25,122.77,120.570777348719,112172282,0.0000,1.0
2021-05-13,124.58,126.15,124.26,124.97,122.73136796668,105861339,0.0000,1.0
2021-05-14,126.25,127.89,125.85,127.45,125.16694284511,81917951,0.0000,1.0
2021-05-17,126.82,126.93,125.17,126.27,124.008080604567,74244624,0.0000,1.0
2021-05-18,126.56,126.99,124.78,124.85,122.613517569337,63342929,0.0000,1.0
2021-05-19,123.16,124.915,122.86,124.69,122.456383706213,92611989,0.0000,1.0
2021-05-20,125.23,127.72,125.1,127.31,125.029450714876,76857123,0.0000,1.0
2021-05-21,127.82,128.0,125.21,125.43,123.183127823163,79295436,0.0000,1.0
2021-05-24,126.01,127.94,125.94,127.1,124.823212519525,63092945,0.0000,1.0
2021-05-25,127.82,128.32,126.32,126.9,124.62679519062,72009482,0.0000,1.0
2021-05-26,126.955,127.39,126.42,126.85,124.577690858393,56575920,0.0000,1.0
2021-05-27,126.44,127.64,125.08,125.28,123.035814826484,94625601,0.0000,1.0
2021-05-28,125.57,125.8,124.55,124.61,122.37781677465,71311109,0.0000,1.0
2021-06-01,125.08,125.35,123.94,124.28,122.053728181956,67637118,0.0000,1.0
2021-06-02,124.28,125.24,124.05,125.06,122.819755764688,59278862,0.0000,1.0
2021-06-03,124.68,124.85,123.13,123.54,121.326984065005,76229170,0.0000,1.0
2021-06-04,124.07,126.16,123.85,125.89,123.634887679646,75169343,0.0000,1.0
2021-06-07,126.17,126.32,124.8321,125.9,123.644708546092,71057550,0.0000,1.0
2021-06-08,126.6,128.46,126.2101,126.74,124.469661327495,74403774,0.0000,1.0
2021-06-09,127.21,127.75,126.52,127.13,124.852675118861,56877937,0.0000,1.0
2021-06-10,127.02,128.19,125.94,126.11,123.850946741443,71186421,0.0000,1.0
2021-06-11,126.53,127.44,126.1,127.35,125.068734180657,53522373,0.0000,1.0
2021-06-14,127.82,130.54,127.07,130.48,128.14266537803,96906490,0.0000,1.0
2021-06-15,129.94,130.6,129.39,129.64,127.317712596627,62746332,0.0000,1.0
2021-06-16,130.37,130.89,128.461,130.15,127.818576785336,91339351,0.0000,1.0
2021-06-17,129.8,132.55,129.65,131.79,129.429198882362,96721669,0.0000,1.0
2021-06-18,130.71,131.51,130.24,130.46,128.12302364514,108953309,0.0000,1.0
2021-06-21,130.3,132.41,129.21,132.3,129.930063071072,79663316,0.0000,1.0
2021-06-22,132.13,134.08,131.62,133.98,131.579968633879,74783618,0.0000,1.0
2021-06-23,133.77,134.32,133.23,133.7,131.304984373411,60214200,0.0000,1.0
2021-06-24,134.45,134.64,132.93,133.41,131.020179246498,68710998,0.0000,1.0
2021-06-25,133.46,133.89,132.81,133.11,130.725553253139,70783746,0.0000,1.0
2021-06-28,133.41,135.245,133.35,134.78,132.365637949501,62111303,0.0000,1.0
2021-06-29,134.8,136.49,134.35,136.33,133.88787224852,64556081,0.0000,1.0
2021-06-30,136.17,137.41,135.87,136.96,134.506586834573,63261393,0.0000,1.0
2021-07-01,136.6,137.33,135.76,137.27,134.811033694376,52485781,0.0000,1.0
2021-07-02,137.9,140.0,137.745,139.96,137.452846768157,78945572,0.0000,1.0
2021-07-06,140.07,143.15,140.07,142.02,139.475945255885,108181793,0.0000,1.0
2021-07-07,143.535,144.89,142.66,144.57,141.980266199432,104911589,0.0000,1.0
2021-07-08,141.58,144.06,140.665,143.24,140.674090962209,105575458,0.0000,1.0
2021-07-09,142.75,145.65,142.6522,145.11,142.510592987477,99890800,0.0000,1.0
2021-07-12,146.21,146.32,144.0,144.5,141.911520134315,76299719,0.0000,1.0
2021-07-13,144.03,147.46,143.63,145.64,143.031098909077,100827099,0.0000,1.0
2021-07-14,148.1,149.57,147.68,149.15,146.478223031371,127050785,0.0000,1.0
2021-07-15,149.24,150.0,147.09,148.48,145.820224979537,106820297,0.0000,1.0
2021-07-16,148.46,149.76,145.88,146.39,143.767663892473,93251426,0.0000,1.0
2021-07-19,143.75,144.07,141.67,142.45,139.898242513032,121434571,0.0000,1.0
2021-07-20,143.46,147.0997,142.96,146.15,143.531963097786,96350036,0.0000,1.0
2021-07-21,145.53,146.13,144.63,145.4,142.79539811439,74993460,0.0000,1.0
2021-07-22,145.935,148.195,145.81,146.8,144.17031941673,77338156,0.0000,1.0
2021-07-23,147.55,148.7177,146.92,148.56,145.898791911099,71447416,0.0000,1.0
2021-07-26,148.27,149.83,147.7,148.99,146.321089168246,72434089,0.0000,1.0
2021-07-27,149.12,149.21,145.55,146.77,144.140856817394,104818578,0.0000,1.0
2021-07-28,144.81,146.97,142.54,144.98,142.382921723688,118931191,0.0000,1.0
2021-07-29,144.685,146.55,144.58,145.64,143.031098909077,54323047,0.0000,1.0
2021-07-30,144.38,146.33,144.11,145.86,143.247157970873,70440626,0.0000,1.0
2021-08-02,146.36,146.95,145.25,145.52,142.913248511734,62879961,0.0000,1.0
2021-08-03,145.81,148.045,145.18,147.36,144.720287937665,64786618,0.0000,1.0
2021-08-04,147.27,147.79,146.28,146.95,144.317632413409,56368271,0.0000,1.0
2021-08-05,146.98,147.84,146.17,147.06,144.425661944307,46397674,0.0000,1.0
2021-08-06,146.35,147.11,145.63,146.14,143.738201293137,54126813,0.2200,1.0
2021-08-09,146.2,146.7,145.52,146.09,143.689023038965,48908689,0.0000,1.0
2021-08-10,146.44,147.71,145.3,145.6,143.207076148082,69023081,0.0000,1.0
2021-08-11,146.05,146.72,145.53,145.86,143.462803069775,48493463,0.0000,1.0
2021-08-12,146.19,149.05,145.84,148.89,146.443005272582,73779113,0.0000,1.0
2021-08-13,148.97,149.4444,148.27,149.1,146.649553940104,58846293,0.0000,1.0
2021-08-16,148.535,151.19,146.47,151.12,148.636355408642,103558782,0.0000,1.0
2021-08-17,150.23,151.68,149.09,150.19,147.721639881047,92229735,0.0000,1.0
2021-08-18,149.8,150.72,146.15,146.36,143.954585611493,86325990,0.0000,1.0
2021-08-19,145.03,148.0,144.5,146.7,144.288997739861,86960310,0.0000,1.0
2021-08-20,147.44,148.5,146.78,148.19,145.754509714178,60549630,0.0000,1.0
2021-08-23,148.31,150.19,147.89,149.71,147.249528640999,60131810,0.0000,1.0
2021-08-24,149.45,150.86,149.15,149.62,147.16100778349,48606428,0.0000,1.0
2021-08-25,149.81,150.32,147.8,148.36,145.921715778362,58991297,0.0000,1.0
2021-08-26,148.35,149.12,147.51,147.54,145.115192409946,48597195,0.0000,1.0
2021-08-27,147.48,148.75,146.83,148.6,146.157771398386,55802388,0.0000,1.0
2021-08-30,149.0,153.49,148.61,153.12,150.603485575511,90956723,0.0000,1.0
2021-08-31,152.66,152.8,151.29,151.83,149.33468661788,86453117,0.0000,1.0
2021-09-01,152.83,154.98,152.34,152.51,150.003510874616,80313711,0.0000,1.0
2021-09-02,153.87,154.72,152.4,153.65,151.124775069731,71171317,0.0000,1.0
2021-09-03,153.76,154.63,153.09,154.3,151.764092373964,57866066,0.0000,1.0
2021-09-07,154.97,157.26,154.39,156.69,154.114812923372,82278261,0.0000,1.0
2021-09-08,156.98,157.04,153.975,155.11,152.560780091546,74420207,0.0000,1.0
2021-09-09,155.49,156.11,153.95,154.07,151.537872404774,57305730,0.0000,1.0
2021-09-10,155.0,155.48,148.7,148.97,146.521690479257,140893235,0.0000,1.0
2021-09-13,150.63,151.42,148.75,149.55,147.092158227649,102404329,0.0000,1.0
2021-09-14,150.35,151.07,146.91,148.12,145.685660158338,109296295,0.0000,1.0
2021-09-15,148.56,149.44,146.37,149.03,146.580704384263,83281315,0.0000,1.0
2021-09-16,148.44,148.97,147.221,148.79,146.344648764239,68034149,0.0000,1.0
2021-09-17,148.82,148.82,145.76,146.06,143.659516086462,129868824,0.0000,1.0
2021-09-20,143.8,144.84,141.27,142.94,140.590793026146,123478863,0.0000,1.0
2021-09-21,143.93,144.6,142.78,143.43,141.072739917029,75833962,0.0000,1.0
2021-09-22,144.45,146.43,143.7001,145.85,143.452967418941,76404341,0.0000,1.0
2021-09-23,146.65,147.08,145.64,146.83,144.416861200707,64838170,0.0000,1.0
2021-09-24,145.66,147.4701,145.56,146.92,144.505382058216,53477869,0.0000,1.0
2021-09-27,145.47,145.96,143.82,145.37,142.980856178892,74150729,0.0000,1.0
2021-09-28,143.25,144.75,141.69,141.91,139.577720990209,108972340,0.0000,1.0
2021-09-29,142.47,144.45,142.03,142.83,140.482600866969,74602044,0.0000,1.0
2021-09-30,143.66,144.378,141.28,141.5,139.174459306,89056664,0.0000,1.0
2021-10-01,141.9,142.92,139.1101,142.65,140.30555915195,94639581,0.0000,1.0
2021-10-04,141.76,142.21,138.27,139.14,136.853245709095,98322008,0.0000,1.0
2021-10-05,139.49,142.24,139.36,141.11,138.790868923461,80861062,0.0000,1.0
2021-10-06,139.47,142.15,138.37,142.0,139.666241847718,83221119,0.0000,1.0
2021-10-07,143.06,144.215,142.72,143.29,140.935040805348,61732656,0.0000,1.0
2021-10-08,144.03,144.1781,142.56,142.9,140.551450422809,58773155,0.0000,1.0
2021-10-11,142.27,144.81,141.81,142.81,140.4629295653,64452219,0.0000,1.0
2021-10-12,143.23,143.25,141.0401,141.51,139.184294956835,73035859,0.0000,1.0
2021-10-13,141.235,141.4,139.2,140.91,138.594155906774,78762721,0.0000,1.0
2021-10-14,142.11,143.88,141.51,143.76,141.397316394563,69907100,0.0000,1.0
2021-10-15,143.77,144.895,143.51,144.84,142.459566684672,67940334,0.0000,1.0
2021-10-18,143.445,146.84,143.16,146.55,144.141462977345,85589175,0.0000,1.0
2021-10-19,147.01,149.17,146.55,148.76,146.315141811736,76378894,0.0000,1.0
2021-10-20,148.7,149.7539,148.12,149.26,146.806924353453,58418788,0.0000,1.0
2021-10-21,148.81,149.64,147.87,149.48,147.023308671809,61420990,0.0000,1.0
2021-10-22,149.69,150.18,148.64,148.69,146.246292255895,58883443,0.0000,1.0
2021-10-25,148.68,149.37,147.6211,148.64,146.197114001724,50720556,0.0000,1.0
2021-10-26,149.33,150.84,149.0101,149.32,146.865938258459,60893395,0.0000,1.0
2021-10-27,149.36,149.73,148.49,148.85,146.403662669245,56094929,0.0000,1.0
2021-10-28,149.82,153.165,149.72,152.57,150.062524779622,100077888,0.0000,1.0
2021-10-29,147.215,149.94,146.4128,149.8,147.338049498508,124953168,0.0000,1.0
2021-11-01,148.985,149.7,147.8,148.96,146.511854828423,73396551,0.0000,1.0
2021-11-02,148.66,151.57,148.65,150.02,147.554433816864,68922374,0.0000,1.0
2021-11-03,150.39,151.97,149.82,151.49,149.000274489512,54511534,0.0000,1.0
2021-11-04,151.58,152.43,150.64,150.96,148.478984995292,60394616,0.0000,1.0
2021-11-05,151.89,152.2,150.06,151.28,149.010110140347,65463883,0.2200,1.0
2021-11-08,151.41,151.57,150.16,150.44,148.182713970874,55020868,0.0000,1.0
2021-11-09,150.2,151.428,150.0601,150.81,148.547162283618,56573449,0.0000,1.0
2021-11-10,150.02,150.13,147.85,147.92,145.700525462454,65187092,0.0000,1.0
2021-11-11,148.96,149.43,147.681,147.87,145.651275690462,40999950,0.0000,1.0
2021-11-12,148.43,150.4,147.48,149.99,147.739466022942,63245197,0.0000,1.0
2021-11-15,150.37,151.88,149.43,150.0,147.74931597734,59222803,0.0000,1.0
2021-11-16,149.94,151.488,149.34,151.0,148.734311417189,59256210,0.0000,1.0
2021-11-17,150.995,155.0,150.99,153.49,151.186950062413,88807000,0.0000,1.0
2021-11-18,153.71,158.67,153.05,157.87,155.501230088951,137827673,0.0000,1.0
2021-11-19,157.65,161.02,156.5328,160.55,158.141017867746,117305597,0.0000,1.0
2021-11-22,161.68,165.7,161.0,161.02,158.603965724475,117467889,0.0000,1.0
2021-11-23,161.12,161.8,159.0601,161.41,158.988113946016,96041899,0.0000,1.0
2021-11-24,160.75,162.14,159.64,161.94,159.510161529136,69463623,0.0000,1.0
2021-11-26,159.565,160.45,156.36,156.81,154.457134922711,76959752,0.0000,1.0
2021-11-29,159.37,161.19,158.7901,160.24,157.835669281393,88748217,0.0000,1.0
2021-11-30,159.985,165.52,159.92,165.3,162.819746207029,174048056,0.0000,1.0
2021-12-01,167.48,170.3,164.53,164.77,162.297698623909,152423003,0.0000,1.0
2021-12-02,158.735,164.2,157.8,163.76,161.302853229661,136739174,0.0000,1.0
2021-12-03,164.02,164.96,159.72,161.84,159.411661985152,118023116,0.0000,1.0
2021-12-06,164.29,167.8799,164.28,165.32,162.839446115826,107496982,0.0000,1.0
2021-12-07,169.08,171.58,168.34,171.18,168.611519393341,120405352,0.0000,1.0
2021-12-08,172.125,175.96,170.7,175.08,172.453001608751,116998901,0.0000,1.0
2021-12-09,174.91,176.75,173.92,174.56,171.94080398003,108923739,0.0000,1.0
2021-12-10,175.205,179.63,174.69,179.45,176.757431680891,115402731,0.0000,1.0
2021-12-13,181.115,182.13,175.53,175.74,173.103098599052,153237019,0.0000,1.0
2021-12-14,175.25,177.74,172.21,174.33,171.714255028865,139380382,0.0000,1.0
2021-12-15,175.11,179.5,172.3108,179.3,176.609682364914,131063257,0.0000,1.0
2021-12-16,179.28,181.14,170.75,172.26,169.675314468377,150185843,0.0000,1.0
2021-12-17,169.93,173.47,169.69,171.14,168.572119575747,195923441,0.0000,1.0
2021-12-20,168.28,170.58,167.46,169.75,167.202975914357,107499114,0.0000,1.0
2021-12-21,171.555,173.2,169.12,172.99,170.394361139467,91185905,0.0000,1.0
2021-12-22,173.04,175.86,172.15,175.64,173.004599055067,92135303,0.0000,1.0
2021-12-23,175.85,176.8499,175.27,176.28,173.63499613657,68356567,0.0000,1.0
2021-12-27,177.085,180.42,177.07,180.33,177.624227667958,74919582,0.0000,1.0
2021-12-28,180.16,181.33,178.53,179.29,176.599832410515,79144339,0.0000,1.0
2021-12-29,179.33,180.63,178.14,179.38,176.688482000102,62348931,0.0000,1.0
2021-12-30,179.47,180.57,178.09,178.2,175.52618738108,59773014,0.0000,1.0
2021-12-31,178.085,179.23,177.26,177.57,174.905640253975,61661433,0.0000,1.0
2022-01-03,177.83,182.88,177.71,182.01,179.279020006905,104701220,0.0000,1.0
2022-01-04,182.63,182.94,179.12,179.7,177.003680540853,99310438,0.0000,1.0
2022-01-05,179.61,180.17,174.64,174.92,172.295402338376,94537602,0.0000,1.0
2022-01-06,172.7,175.3,171.64,172.0,169.419215654017,96903955,0.0000,1.0
2022-01-07,172.89,174.14,171.03,172.17,169.586664878791,86709147,0.0000,1.0
2022-01-10,169.08,172.5,168.17,172.19,169.606364787588,106765552,0.0000,1.0
2022-01-11,172.32,175.18,170.82,175.08,172.453001608751,75937685,0.0000,1.0
2022-01-12,176.12,177.18,174.82,175.53,172.896249556683,74805173,0.0000,1.0
2022-01-13,175.78,176.62,171.79,172.19,169.606364787588,84505760,0.0000,1.0
2022-01-14,171.34,173.78,171.09,173.07,170.473160774655,80440780,0.0000,1.0
2022-01-18,171.51,172.54,169.405,169.8,167.252225686349,90500236,0.0000,1.0
2022-01-19,170.0,171.08,165.94,166.23,163.735791966088,92914792,0.0000,1.0
2022-01-20,166.98,169.68,164.18,164.51,162.041599809548,91420515,0.0000,1.0
2022-01-21,164.415,166.33,162.3,162.41,159.973109385865,122848858,0.0000,1.0
2022-01-24,160.02,162.3,154.7,161.62,159.194962988385,162706686,0.0000,1.0
2022-01-25,158.98,162.76,157.02,159.78,157.382571379063,115798367,0.0000,1.0
2022-01-26,163.5,164.3894,157.82,159.69,157.293921789476,108275308,0.0000,1.0
2022-01-27,162.45,163.84,158.28,159.22,156.830973932747,121954638,0.0000,1.0
2022-01-28,165.71,170.35,162.8,170.33,167.774273269469,179935660,0.0000,1.0
2022-01-31,170.16,175.0,169.51,174.78,172.157502976797,115541590,0.0000,1.0
2022-02-01,174.01,174.84,172.31,174.61,171.990053752022,86213911,0.0000,1.0
2022-02-02,174.745,175.88,173.33,175.84,173.201598143037,84914256,0.0000,1.0
2022-02-03,174.48,176.2399,172.12,172.9,170.305711549881,89418074,0.0000,1.0
2022-02-04,171.68,174.1,170.68,172.39,170.020062872325,82465400,0.2200,1.0
2022-02-07,172.86,173.9458,170.95,171.66,169.30009857105,77251204,0.0000,1.0
2022-02-08,171.73,175.35,171.43,174.83,172.426518893025,74829217,0.0000,1.0
2022-02-09,176.05,176.65,174.9,176.28,173.8565849709,71285038,0.0000,1.0
2022-02-10,174.14,175.48,171.55,172.12,169.7537747061,90865899,0.0000,1.0
2022-02-11,172.33,173.08,168.04,168.64,166.3216161192,98670687,0.0000,1.0
2022-02-14,167.37,169.58,166.56,168.88,166.5583167114,86185530,0.0000,1.0
2022-02-15,170.97,172.95,170.25,172.79,170.414563859325,64286320,0.0000,1.0
2022-02-16,171.85,173.34,170.05,172.55,170.177863267125,61177398,0.0000,1.0
2022-02-17,171.03,171.91,168.47,168.88,166.5583167114,69589344,0.0000,1.0
2022-02-18,169.82,170.5413,166.19,167.3,165.00003781275,82772674,0.0000,1.0
2022-02-22,164.98,166.69,162.15,164.32,162.0610054596,90457637,0.0000,1.0
2022-02-23,165.54,166.15,159.75,160.07,157.869432472725,90009247,0.0000,1.0
2022-02-24,152.58,162.85,152.0,162.74,160.50272656095,141147540,0.0000,1.0
2022-02-25,163.84,165.12,160.8738,164.85,162.583719267375,91974222,0.0000,1.0
2022-02-28,163.06,165.42,162.43,165.12,162.8500074336,95056629,0.0000,1.0
2022-03-01,164.695,166.6,161.97,163.2,160.956402696,83474425,0.0000,1.0
2022-03-02,164.39,167.36,162.95,166.56,164.2702109868,79724750,0.0000,1.0
2022-03-03,168.47,168.91,165.55,166.23,163.944747672525,76678441,0.0000,1.0
2022-03-04,164.49,165.55,162.1,163.17,160.926815121975,83819592,0.0000,1.0
2022-03-07,163.36,165.02,159.04,159.3,157.11001807275,96418845,0.0000,1.0
2022-03-08,158.82,162.88,155.8,157.44,155.2755884832,131148280,0.0000,1.0
2022-03-09,161.475,163.41,159.41,162.95,160.709839579125,91454905,0.0000,1.0
2022-03-10,160.2,160.39,155.98,158.52,156.3407411481,105342033,0.0000,1.0
2022-03-11,158.93,159.28,154.5,154.73,152.602844296275,96970102,0.0000,1.0
2022-03-14,151.45,154.12,150.1,150.62,148.54934665485,108732111,0.0000,1.0
2022-03-15,150.9,155.57,150.38,155.09,152.957895184575,92964302,0.0000,1.0
2022-03-16,157.05,160.0,154.46,159.59,157.396031288325,102300157,0.0000,1.0
2022-03-17,158.61,161.0,157.63,160.62,158.41187132985,75615376,0.0000,1.0
2022-03-18,160.51,164.48,159.76,163.98,161.72567962065,122055535,0.0000,1.0
2022-03-21,163.51,166.35,163.015,165.38,163.10643307515,89029269,0.0000,1.0
2022-03-22,165.51,169.42,164.91,168.82,166.49914156335,80979755,0.0000,1.0
2022-03-23,167.99,172.64,167.65,170.21,167.870032493175,98062674,0.0000,1.0
2022-03-24,171.06,174.14,170.21,174.07,171.676967017725,90131418,0.0000,1.0
2022-03-25,173.88,175.28,172.75,174.72,172.3180311216,80281664,0.0000,1.0
2022-03-28,172.17,175.73,172.0,175.6,173.185933293,90371916,0.0000,1.0
2022-03-29,176.69,179.01,176.34,178.96,176.4997415838,100589440,0.0000,1.0
2022-03-30,178.55,179.61,176.7,177.77,175.326101147475,92633154,0.0000,1.0
2022-03-31,177.84,178.03,174.4,174.61,172.209543350175,103049285,0.0000,1.0
2022-04-01,174.03,174.88,171.94,174.31,171.913667609925,78751328,0.0000,1.0
2022-04-04,174.57,178.49,174.44,178.44,175.9868903007,76545983,0.0000,1.0
2022-04-05,177.5,178.3,174.415,175.06,172.65335696055,70902999,0.0000,1.0
2022-04-06,172.36,173.63,170.13,171.83,169.467761490525,89058782,0.0000,1.0
2022-04-07,171.16,173.36,169.85,172.14,169.77349975545,77594650,0.0000,1.0
2022-04-08,171.78,171.78,169.2,170.09,167.751682197075,76575508,0.0000,1.0
2022-04-11,168.71,169.03,165.5,165.75,163.471346488125,72246706,0.0000,1.0
2022-04-12,168.02,169.87,166.64,167.66,165.35508870105,79265181,0.0000,1.0
2022-04-13,167.39,171.04,166.77,170.4,168.057420462,70618925,0.0000,1.0
2022-04-14,170.62,171.27,165.04,165.29,163.017670353075,75329376,0.0000,1.0
2022-04-18,163.92,166.5984,163.57,165.07,162.800694810225,69023941,0.0000,1.0
2022-04-19,165.02,167.82,163.91,167.4,165.0986630595,67723833,0.0000,1.0
2022-04-20,168.76,168.88,166.1,167.23,164.931000140025,67718110,0.0000,1.0
2022-04-21,168.91,171.53,165.91,166.42,164.13213564135,87227768,0.0000,1.0
2022-04-22,166.46,167.8699,161.5,161.79,159.565786716825,84882424,0.0000,1.0
2022-04-25,161.12,163.17,158.46,162.88,160.6408019064,96046376,0.0000,1.0
2022-04-26,162.25,162.34,156.72,156.8,154.644386904,94008394,0.0000,1.0
2022-04-27,155.91,159.79,155.38,156.57,154.417548836475,88063191,0.0000,1.0
2022-04-28,159.25,164.515,158.93,163.64,161.3903537817,130216792,0.0000,1.0
2022-04-29,161.84,166.2,157.25,157.65,155.482701501375,131747571,0.0000,1.0
2022-05-02,156.71,158.23,153.27,157.96,155.7884397663,123055265,0.0000,1.0
2022-05-03,158.15,160.71,156.32,159.48,157.2875435169,88966526,0.0000,1.0
2022-05-04,159.67,166.48,159.26,166.02,163.73763465435,107521649,0.0000,1.0
2022-05-05,163.85,164.08,154.95,156.77,154.614799329975,130525275,0.0000,1.0
2022-05-06,156.01,159.44,154.18,157.28,155.344626155925,116124647,0.2300,1.0
2022-05-09,154.925,155.83,151.49,152.06,150.188859697799,131577921,0.0000,1.0
2022-05-10,155.52,156.74,152.93,154.51,152.608711771057,115366736,0.0000,1.0
2022-05-11,153.5,155.45,145.81,146.5,144.697277033589,142689825,0.0000,1.0
2022-05-12,142.77,146.2,138.8,142.56,140.805759821901,182602041,0.0000,1.0
2022-05-13,144.59,148.105,143.11,147.11,145.299770815094,113990852,0.0000,1.0
2022-05-16,145.55,147.5199,144.18,145.54,143.749090098762,86643781,0.0000,1.0
2022-05-17,148.86,149.77,146.68,149.24,147.403560576743,78336254,0.0000,1.0
2022-05-18,146.85,147.3601,139.9,140.82,139.087171002526,109742890,0.0000,1.0
2022-05-19,139.88,141.66,136.6,137.35,135.659870311014,136095640,0.0000,1.0
2022-05-20,139.09,140.7,132.61,137.59,135.896917044721,137426125,0.0000,1.0
2022-05-23,137.79,143.26,137.65,143.11,141.348991919979,117726265,0.0000,1.0
2022-05-24,140.805,141.97,137.33,140.36,138.632831429588,104132746,0.0000,1.0
2022-05-25,138.43,141.785,138.34,140.52,138.790862585392,92482696,0.0000,1.0
2022-05-26,137.39,144.34,137.14,143.78,142.010747384911,90601548,0.0000,1.0
2022-05-27,145.39,149.68,145.26,149.64,147.798638466255,90978503,0.0000,1.0
2022-05-31,149.07,150.66,146.84,148.84,147.008482687232,103718416,0.0000,1.0
2022-06-01,149.9,151.74,147.68,148.71,146.880082373141,74286635,0.0000,1.0
2022-06-02,147.83,151.27,146.86,151.21,149.349319182587,72348055,0.0000,1.0
2022-06-03,146.9,147.97,144.46,145.38,143.591058942957,88570289,0.0000,1.0
2022-06-06,147.03,148.5689,144.9,146.14,144.341706933029,71598380,0.0000,1.0
2022-06-07,144.345,149.0,144.1,148.71,146.880082373141,67808150,0.0000,1.0
2022-06-08,148.58,149.8697,147.46,147.96,146.139311330306,53950201,0.0000,1.0
2022-06-09,147.08,147.95,142.53,142.64,140.884775399803,69472976,0.0000,1.0
2022-06-10,140.28,140.76,137.06,137.13,135.442577471782,91566637,0.0000,1.0
2022-06-13,132.87,135.2,131.44,131.88,130.257180171944,122207099,0.0000,1.0
2022-06-14,133.13,133.89,131.48,132.76,131.126351528869,84784326,0.0000,1.0
2022-06-15,134.29,137.34,132.16,135.43,133.763496441358,91532972,0.0000,1.0
2022-06-16,132.08,132.39,129.04,130.06,128.459575774666,107961508,0.0000,1.0
2022-06-17,130.065,133.079,129.81,131.56,129.941117860335,134520290,0.0000,1.0
2022-06-21,133.42,137.06,133.32,135.87,134.198082119821,81000488,0.0000,1.0
2022-06-22,134.79,137.76,133.91,135.35,133.684480863456,73409234,0.0000,1.0
2022-06-23,136.82,138.59,135.63,138.27,136.56854945689,72433768,0.0000,1.0
2022-06-24,139.9,141.91,139.77,141.66,139.9168345705,89116837,0.0000,1.0
2022-06-27,142.695,143.49,140.965,141.66,139.9168345705,70207908,0.0000,1.0
2022-06-28,142.13,143.422,137.325,137.44,135.748762836154,67315328,0.0000,1.0
2022-06-29,137.46,140.67,136.67,139.23,137.516736391718,66242411,0.0000,1.0
2022-06-30,137.25,138.37,133.7737,136.72,135.037622635033,98964467,0.0000,1.0
2022-07-01,136.04,139.04,135.66,138.93,137.220427974584,71051552,0.0000,1.0
2022-07-05,137.77,141.61,136.93,141.56,139.818065098122,73429641,0.0000,1.0
2022-07-06,141.355,144.12,141.08,142.92,141.161329922461,74064254,0.0000,1.0
2022-07-07,143.29,146.55,143.28,146.35,144.549122825023,66253709,0.0000,1.0
2022-07-08,145.265,147.55,145.0,147.04,145.23063218443,64547798,0.0000,1.0
2022-07-11,145.67,146.64,143.78,144.87,143.08733463383,63305113,0.0000,1.0
2022-07-12,145.76,148.45,145.05,145.86,144.065152410371,77588759,0.0000,1.0
2022-07-13,142.99,146.45,142.1201,145.49,143.699705362573,71185560,0.0000,1.0
2022-07-14,144.08,148.95,143.25,148.47,146.643035639434,78140744,0.0000,1.0
2022-07-15,149.78,150.86,148.2,150.17,148.322116669858,76259931,0.0000,1.0
2022-07-18,150.74,151.57,146.7,147.07,145.260263026143,81420868,0.0000,1.0
2022-07-19,147.92,151.23,146.91,151.0,149.141903290594,82982367,0.0000,1.0
2022-07-20,151.12,153.72,150.37,153.04,151.156800527103,64823413,0.0000,1.0
2022-07-21,154.5,155.57,151.94,155.35,153.438375339032,65086636,0.0000,1.0
2022-07-22,155.39,156.28,153.41,154.09,152.19387998707,66675408,0.0000,1.0
2022-07-25,154.01,155.04,152.28,152.95,151.067908001962,53623945,0.0000,1.0
2022-07-26,152.265,153.085,150.8,151.6,149.734520124861,55138691,0.0000,1.0
2022-07-27,152.58,157.33,152.16,156.79,154.860655741273,78620688,0.0000,1.0
2022-07-28,156.98,157.64,154.41,157.35,155.413764786589,81378731,0.0000,1.0
2022-07-29,161.24,163.63,159.5,162.51,160.510269561287,101786860,0.0000,1.0
2022-08-01,161.01,163.59,160.89,161.51,159.522574837509,67829379,0.0000,1.0
2022-08-02,160.1,162.41,159.63,160.01,158.041032751841,59907025,0.0000,1.0
2022-08-03,160.84,166.59,160.75,166.13,164.085724461367,82507488,0.0000,1.0
2022-08-04,166.005,167.19,164.43,165.81,163.769662149757,55474144,0.0000,1.0
2022-08-05,163.21,165.85,163.0,165.35,163.542492363288,56696985,0.2300,1.0
2022-08-08,166.37,167.81,164.2,164.87,163.067739437166,60362338,0.0000,1.0
2022-08-09,164.02,165.82,163.25,164.92,163.11719286697,63135503,0.0000,1.0
2022-08-10,167.68,169.34,166.9,169.24,167.389969202074,70170540,0.0000,1.0
2022-08-11,170.06,170.99,168.19,168.49,166.648167755007,57149159,0.0000,1.0
2022-08-12,169.82,172.17,169.4,172.1,170.218705386888,68039382,0.0000,1.0
2022-08-15,171.52,173.39,171.345,173.19,171.296790156625,54091694,0.0000,1.0
2022-08-16,172.78,173.71,171.6618,173.03,171.138539181251,56377050,0.0000,1.0
2022-08-17,172.77,176.15,172.57,174.55,172.641923447306,79542037,0.0000,1.0
2022-08-18,173.75,174.9,173.12,174.15,172.24629600887,62290075,0.0000,1.0
2022-08-19,173.03,173.74,171.3101,171.52,169.645045601156,70346295,0.0000,1.0
2022-08-22,169.69,169.86,167.135,167.57,165.738224646605,69026809,0.0000,1.0
2022-08-23,167.08,168.71,166.65,167.23,165.401941323935,54147079,0.0000,1.0
2022-08-24,167.32,168.11,166.245,167.53,165.698661902762,53841524,0.0000,1.0
2022-08-25,168.78,170.14,168.35,170.03,168.171333392984,51218209,0.0000,1.0
2022-08-26,170.57,171.05,163.56,163.62,161.831403692055,78960980,0.0000,1.0
2022-08-29,161.145,162.9,159.82,161.38,159.615890036816,72724452,0.0000,1.0
2022-08-30,162.13,162.56,157.72,158.91,157.172890604476,77906197,0.0000,1.0
2022-08-31,160.305,160.58,157.14,157.22,155.501364677086,87991091,0.0000,1.0
2022-09-01,156.64,158.42,154.67,157.96,156.233275438192,74229896,0.0000,1.0
2022-09-02,159.75,160.362,154.965,155.81,154.106777956601,76957768,0.0000,1.0
2022-09-06,156.47,157.09,153.69,154.53,152.840770153607,73295539,0.0000,1.0
2022-09-07,154.825,156.67,153.61,155.96,154.255138246014,87449574,0.0000,1.0
2022-09-08,154.64,156.36,152.68,154.46,152.771535351881,84923847,0.0000,1.0
2022-09-09,155.47,157.82,154.75,157.37,155.649724966499,68081006,0.0000,1.0
2022-09-12,159.59,164.26,159.3,163.43,161.643480658798,104955962,0.0000,1.0
2022-09-13,159.9,160.54,153.37,153.84,152.158312822306,122656614,0.0000,1.0
2022-09-14,154.785,157.1,153.6106,155.31,153.612243658556,87965409,0.0000,1.0
2022-09-15,154.65,155.24,151.38,152.37,150.704381986055,90481110,0.0000,1.0
2022-09-16,151.21,151.35,148.37,150.7,149.052637430587,162278841,0.0000,1.0
2022-09-19,149.31,154.56,149.1,154.48,152.791316723803,81474246,0.0000,1.0
2022-09-20,153.4,158.08,153.08,156.9,155.184862726338,107689796,0.0000,1.0
2022-09-21,157.34,158.74,153.6,153.72,152.039624590775,101696790,0.0000,1.0
2022-09-22,152.38,154.47,150.91,152.74,151.070337366608,86264792,0.0000,1.0
2022-09-23,151.19,151.47,148.56,150.43,148.785588909643,96029909,0.0000,1.0
2022-09-26,149.66,153.7701,149.64,150.77,149.121872232313,93339409,0.0000,1.0
2022-09-27,152.74,154.72,149.945,151.76,150.101050142441,84442741,0.0000,1.0
2022-09-28,147.64,150.6414,144.84,149.84,148.202038437951,146691387,0.0000,1.0
2022-09-29,146.1,146.72,140.68,142.48,140.922493570737,128138237,0.0000,1.0
2022-09-30,141.28,143.1,138.0,138.2,136.689279979477,124925274,0.0000,1.0
2022-10-03,138.21,143.07,137.685,142.45,140.892821512854,114311663,0.0000,1.0
2022-10-04,145.03,146.22,144.26,146.1,144.502921888578,87830064,0.0000,1.0
2022-10-05,144.075,147.38,143.01,146.4,144.799642467405,79470968,0.0000,1.0
2022-10-06,145.81,147.54,145.22,145.43,143.840245929199,68402169,0.0000,1.0
2022-10-07,142.54,143.1,139.445,140.09,138.558619626084,85925559,0.0000,1.0
2022-10-10,140.42,141.89,138.5729,140.42,138.885012262794,74899002,0.0000,1.0
2022-10-11,139.9,141.35,138.22,138.98,137.460753484426,77033672,0.0000,1.0
2022-10-12,139.13,140.36,138.16,138.34,136.827749582929,70433744,0.0000,1.0
2022-10-13,134.99,143.59,134.37,142.99,141.426918554742,113223975,0.0000,1.0
2022-10-14,144.31,144.52,138.19,138.38,136.867312326773,88597969,0.0000,1.0
2022-10-17,141.065,142.9,140.27,142.41,140.85325876901,85250939,0.0000,1.0
2022-10-18,145.49,146.7,140.61,143.75,142.17861068777,99136610,0.0000,1.0
2022-10-19,141.69,144.9492,141.5,143.86,142.287408233339,61758340,0.0000,1.0
2022-10-20,143.02,145.89,142.65,143.39,141.822545993178,64521989,0.0000,1.0
2022-10-21,142.87,147.8479,142.649,147.27,145.660132146002,86548609,0.0000,1.0
2022-10-24,147.185,150.23,146.0,149.45,147.816301685476,75981918,0.0000,1.0
2022-10-25,150.09,152.49,149.36,152.34,150.674709928173,74732290,0.0000,1.0
2022-10-26,150.96,151.99,148.04,149.35,147.717394825867,88436172,0.0000,1.0
2022-10-27,148.07,149.046,144.13,144.8,143.217132713663,109180150,0.0000,1.0
2022-10-28,148.2,157.5,147.82,155.74,154.037543154875,164762371,0.0000,1.0
2022-10-31,153.155,154.24,151.92,153.34,151.663778524261,97943171,0.0000,1.0
2022-11-01,155.08,155.45,149.13,150.65,149.003184000782,80379345,0.0000,1.0
2022-11-02,148.945,152.17,145.0,145.03,143.444618490763,93604623,0.0000,1.0
2022-11-03,142.06,142.8,138.75,138.88,137.361846624817,97918516,0.0000,1.0
2022-11-04,142.09,142.67,134.38,138.38,137.094798103873,140814796,0.2300,1.0
2022-11-07,137.11,139.145,135.671,138.92,137.629782863058,83374628,0.0000,1.0
2022-11-08,140.41,141.43,137.49,139.5,138.204396122924,89908477,0.0000,1.0
2022-11-09,138.5,138.55,134.5933,134.87,133.617397169167,74917794,0.0000,1.0
2022-11-10,141.24,146.87,139.5,146.87,145.50594737329,118854028,0.0000,1.0
2022-11-11,145.82,150.01,144.37,149.7,148.309663796429,93979665,0.0000,1.0
2022-11-14,148.97,150.28,147.43,148.28,146.902852022274,73374114,0.0000,1.0
2022-11-15,152.215,153.59,148.5613,150.04,148.646506052212,89868332,0.0000,1.0
2022-11-16,149.13,149.87,147.29,148.79,147.408115405949,64218266,0.0000,1.0
2022-11-17,146.43,151.48,146.15,150.72,149.320190563779,80389400,0.0000,1.0
2022-11-18,152.305,152.7,149.97,151.29,149.884896698475,74829573,0.0000,1.0
2022-11-21,150.16,150.37,147.715,148.01,146.635359642681,58724070,0.0000,1.0
2022-11-22,148.13,150.42,146.925,150.18,148.785205804593,51804132,0.0000,1.0
2022-11-23,149.45,151.83,149.34,151.07,149.666939944733,58301395,0.0000,1.0
2022-11-25,148.305,148.88,147.12,148.11,146.734430894382,35195860,0.0000,1.0
2022-11-28,145.14,146.64,143.38,144.22,142.880559203213,69346522,0.0000,1.0
2022-11-29,144.29,144.81,140.355,141.17,139.858886026331,83763803,0.0000,1.0
2022-11-30,141.395,148.72,140.55,148.03,146.655173893021,111380880,0.0000,1.0
2022-12-01,148.21,149.13,146.61,148.31,146.932573397784,71250416,0.0000,1.0
2022-12-02,145.96,148.0,145.65,147.81,146.437217139279,65447446,0.0000,1.0
2022-12-05,147.77,150.9199,145.77,146.63,145.268176369207,68826442,0.0000,1.0
2022-12-06,147.075,147.3,141.92,142.91,141.582725805929,64727186,0.0000,1.0
2022-12-07,142.19,143.37,140.0,140.94,139.631022147419,69721094,0.0000,1.0
2022-12-08,142.36,143.52,141.1,142.65,141.325140551507,62128338,0.0000,1.0
2022-12-09,142.34,145.57,140.9,142.16,140.839691418172,76097011,0.0000,1.0
2022-12-12,142.7,144.5,141.06,144.49,143.148051582805,70462654,0.0000,1.0
2022-12-13,149.5,149.9692,144.24,145.47,144.118949849475,93886161,0.0000,1.0
2022-12-14,145.35,146.655,141.16,143.21,141.879939561032,82291182,0.0000,1.0
2022-12-15,141.11,141.8,136.025,136.5,135.232258571894,98931907,0.0000,1.0
2022-12-16,136.685,137.65,133.73,134.51,133.260740663043,160156900,0.0000,1.0
2022-12-19,135.11,135.2,131.32,132.37,131.140615876642,79592614,0.0000,1.0
2022-12-20,131.39,133.25,129.89,132.3,131.071266000451,77432819,0.0000,1.0
2022-12-21,132.98,136.81,132.75,135.45,134.192010429033,85927993,0.0000,1.0
2022-12-22,134.352,134.56,130.3,132.23,131.00191612426,77852108,0.0000,1.0
2022-12-23,130.92,132.415,129.64,131.86,130.635352492966,63814893,0.0000,1.0
2022-12-27,131.38,131.41,128.72,130.03,128.822348586838,69007830,0.0000,1.0
2022-12-28,129.67,131.0275,125.87,126.04,124.869405643967,85438391,0.0000,1.0
2022-12-29,127.99,130.4814,127.73,129.61,128.406249329693,75703710,0.0000,1.0
2022-12-30,128.41,129.95,127.43,129.93,128.723277335137,77034209,0.0000,1.0
2023-01-03,130.28,130.9,124.17,125.07,123.908414502467,112117471,0.0000,1.0
2023-01-04,126.89,128.6557,125.08,126.36,125.18643364941,89113633,0.0000,1.0
2023-01-05,127.13,127.77,124.76,125.02,123.858878876617,80962708,0.0000,1.0
2023-01-06,126.01,130.29,124.89,129.62,128.416156454864,87754715,0.0000,1.0
2023-01-09,130.465,133.41,129.89,130.15,128.941234088879,70790813,0.0000,1.0
2023-01-10,130.26,131.2636,128.12,130.73,129.515847348745,63896155,0.0000,1.0
2023-01-11,131.25,133.51,130.46,133.49,132.250213895693,69458949,0.0000,1.0
2023-01-12,133.88,134.26,131.44,133.41,132.170956894332,71379648,0.0000,1.0
2023-01-13,132.03,134.92,131.66,134.76,133.508418792296,57809719,0.0000,1.0
2023-01-17,134.83,137.29,134.13,135.94,134.677459562368,63646627,0.0000,1.0
2023-01-18,136.815,138.61,135.03,135.21,133.954239424951,69672800,0.0000,1.0
2023-01-19,134.08,136.25,133.77,135.27,134.013682175971,58280413,0.0000,1.0
2023-01-20,135.28,138.02,134.22,137.87,136.589534720198,80223626,0.0000,1.0
2023-01-23,138.12,143.315,137.9,141.11,139.799443275311,81760313,0.0000,1.0
2023-01-24,140.305,143.16,140.3,142.53,141.206255049465,66435142,0.0000,1.0
2023-01-25,140.89,142.43,138.81,141.86,140.542477663068,65799349,0.0000,1.0
2023-01-26,143.17,144.25,141.9,143.96,142.62297394879,54105068,0.0000,1.0
2023-01-27,143.155,147.23,143.08,145.93,144.5746776073,70555843,0.0000,1.0
2023-01-30,144.955,145.55,142.85,143.0,141.67188993246,64015274,0.0000,1.0
2023-01-31,142.7,144.34,142.28,144.29,142.949909079403,65874459,0.0000,1.0
2023-02-01,143.97,146.61,141.32,145.43,144.079321348795,77663633,0.0000,1.0
2023-02-02,148.9,151.18,148.17,150.82,149.41926181548,118338980,0.0000,1.0
2023-02-03,148.03,157.38,147.83,154.5,153.065083878078,154357337,0.0000,1.0
2023-02-06,152.575,153.1,150.78,151.73,150.320810205959,69858306,0.0000,1.0
2023-02-07,150.64,155.23,150.64,154.65,153.213690755629,83322551,0.0000,1.0
2023-02-08,153.88,154.58,151.168,151.92,150.509045584191,64120079,0.0000,1.0
2023-02-09,153.775,154.33,150.42,150.87,149.468797441331,56007143,0.0000,1.0
2023-02-10,149.46,151.3401,149.22,151.01,149.835361072624,57450708,0.2300,1.0
2023-02-13,150.952,154.26,150.92,153.85,152.653269988896,62199013,0.0000,1.0
2023-02-14,152.12,153.77,150.86,153.2,152.008326046792,61707573,0.0000,1.0
2023-02-15,153.11,155.5,152.88,155.33,154.121757733996,65669252,0.0000,1.0
2023-02-16,153.51,156.33,153.3475,153.71,152.514358985982,68167942,0.0000,1.0
2023-02-17,152.35,153.0,150.85,152.55,151.363382104687,59144118,0.0000,1.0
2023-02-21,150.2,151.3,148.405,148.48,147.325040805664,58867230,0.0000,1.0
2023-02-22,148.87,149.95,147.16,148.91,147.751696028902,51011305,0.0000,1.0
2023-02-23,150.09,150.34,147.24,149.4,148.237884539104,48394249,0.0000,1.0
2023-02-24,147.11,147.19,145.7202,146.71,145.56880884024,55469606,0.0000,1.0
2023-02-27,147.71,149.17,147.45,147.92,146.769396794004,44998470,0.0000,1.0
2023-02-28,147.05,149.08,146.83,147.41,146.263363854815,50546998,0.0000,1.0
2023-03-01,146.83,147.2285,145.01,145.31,144.179698811092,55478991,0.0000,1.0
2023-03-02,144.38,146.71,143.9,145.91,144.775031680727,52279761,0.0000,1.0
2023-03-03,148.045,151.11,147.33,151.03,149.855205501612,70732297,0.0000,1.0
2023-03-06,153.785,156.3,153.46,153.83,152.633425559909,87558028,0.0000,1.0
2023-03-07,153.7,154.0299,151.13,151.6,150.420771727765,56182028,0.0000,1.0
2023-03-08,152.81,153.47,151.83,152.87,151.680892968493,47204791,0.0000,1.0
2023-03-09,153.559,154.535,150.225,150.59,149.41862806388,53833582,0.0000,1.0
2023-03-10,150.21,150.94,147.6096,148.5,147.344885234651,68572400,0.0000,1.0
2023-03-13,147.805,153.14,147.7,150.47,149.299561489953,84457122,0.0000,1.0
2023-03-14,151.28,153.4,150.1,152.59,151.403070962663,73695893,0.0000,1.0
2023-03-15,151.19,153.245,149.92,152.99,151.79995954242,77167866,0.0000,1.0
2023-03-16,152.16,156.46,151.64,155.85,154.63771288768,76254419,0.0000,1.0
2023-03-17,156.08,156.74,154.28,155.0,153.794324655697,98944633,0.0000,1.0
2023-03-20,155.07,157.82,154.15,157.4,156.175656134237,73641415,0.0000,1.0
2023-03-21,157.32,159.4,156.54,159.28,158.041032459093,73938285,0.0000,1.0
2023-03-22,159.3,162.14,157.81,157.83,156.602311357475,75701811,0.0000,1.0
2023-03-23,158.83,161.5501,157.68,158.93,157.693754951806,67622060,0.0000,1.0
2023-03-24,158.86,160.34,157.85,160.25,159.003487265003,59256343,0.0000,1.0
2023-03-27,159.94,160.77,157.87,158.28,157.048811009701,52390266,0.0000,1.0
2023-03-28,157.97,158.49,155.98,157.65,156.423711496584,45992152,0.0000,1.0
2023-03-29,159.37,161.05,159.35,160.77,159.519442418686,51305691,0.0000,1.0
2023-03-30,161.53,162.47,161.271,162.36,161.097074523219,49501689,0.0000,1.0
2023-03-31,162.44,165.0,161.91,164.9,163.617317004673,68749792,0.0000,1.0
2023-04-03,164.27,166.29,164.22,166.17,164.877438245401,56976187,0.0000,1.0
2023-04-04,166.595,166.84,165.11,165.63,164.341638662729,46278295,0.0000,1.0
2023-04-05,164.74,165.05,161.8,163.76,162.486184552367,51511744,0.0000,1.0
2023-04-06,162.43,164.9584,162.0,164.66,163.379183856819,45390123,0.0000,1.0
2023-04-10,161.42,162.03,160.08,162.03,160.76964144492,47716882,0.0000,1.0
2023-04-11,162.35,162.36,160.51,160.8,159.549209062168,47644217,0.0000,1.0
2023-04-12,161.22,162.06,159.78,160.1,158.854654047594,50133062,0.0000,1.0
2023-04-13,161.63,165.8,161.42,165.56,164.272183161272,68445649,0.0000,1.0
2023-04-14,164.59,166.32,163.82,165.21,163.924905653985,49386480,0.0000,1.0
2023-04-17,165.09,165.39,164.03,165.23,163.944750082973,40713618,0.0000,1.0
2023-04-18,166.1,167.41,165.65,166.47,165.175104680218,49923008,0.0000,1.0
2023-04-19,165.8,168.16,165.54,167.63,166.326081561513,47720166,0.0000,1.0
2023-04-20,166.09,167.87,165.56,166.65,165.353704541109,52456377,0.0000,1.0
2023-04-21,165.05,166.4521,164.49,165.02,163.7363835786,58337341,0.0000,1.0
2023-04-24,165.0,165.6,163.89,165.33,164.043972227912,41949581,0.0000,1.0
2023-04-25,165.19,166.305,163.73,163.77,162.496106766861,48714063,0.0000,1.0
2023-04-26,163.055,165.28,162.8,163.76,162.486184552367,44105745,0.0000,1.0
2023-04-27,165.19,168.56,165.19,168.41,167.100014292038,64902329,0.0000,1.0
2023-04-28,168.49,169.85,167.8801,169.68,168.360135532765,55275851,0.0000,1.0
2023-05-01,169.28,170.45,168.64,169.59,168.27083560232,52472936,0.0000,1.0
2023-05-02,170.09,170.35,167.54,168.54,167.229003080459,48425696,0.0000,1.0
2023-05-03,169.5,170.92,167.16,167.45,166.147481700622,65136018,0.0000,1.0
2023-05-04,164.89,167.04,164.31,165.79,164.500394094632,81235427,0.0000,1.0
2023-05-05,170.975,174.3,170.76,173.57,172.219876970899,113453171,0.0000,1.0
2023-05-08,172.48,173.85,172.11,173.5,172.150421469441,55962793,0.0000,1.0
2023-05-09,173.05,173.54,171.6,171.77,170.433878361994,45326874,0.0000,1.0
2023-05-10,173.02,174.03,171.9,173.555,172.204993649158,53724501,0.0000,1.0
2023-05-11,173.85,174.59,172.17,173.75,172.398476831789,49514676,0.0000,1.0
2023-05-12,173.62,174.06,171.0,172.57,171.465788669361,45533138,0.2400,1.0
2023-05-15,173.16,173.21,171.47,172.07,170.968987983641,37266659,0.0000,1.0
2023-05-16,171.99,173.1383,171.7991,172.07,170.968987983641,42110293,0.0000,1.0
2023-05-17,171.71,172.925,170.4201,172.69,171.585020833934,57951604,0.0000,1.0
2023-05-18,173.0,175.24,172.58,175.05,173.929920070532,65496657,0.0000,1.0
2023-05-19,176.39,176.39,174.94,175.16,174.03921622139,55809475,0.0000,1.0
2023-05-22,173.98,174.71,173.45,174.2,173.085358904808,43570932,0.0000,1.0
2023-05-23,173.13,173.3794,171.275,171.56,170.462251284207,50747263,0.0000,1.0
2023-05-24,171.09,172.4183,170.52,171.84,170.74045966821,45143488,0.0000,1.0
2023-05-25,172.41,173.895,171.69,172.99,171.883101245366,56058258,0.0000,1.0
2023-05-26,173.32,175.77,173.11,175.43,174.307488591679,54834975,0.0000,1.0
2023-05-30,176.96,178.99,176.57,177.3,176.165523156271,55964401,0.0000,1.0
2023-05-31,177.325,179.35,176.76,177.25,176.115843087699,99313268,0.0000,1.0
2023-06-01,177.7,180.12,176.9306,180.09,178.937670982588,68901809,0.0000,1.0
2023-06-02,181.03,181.78,179.26,180.95,179.792168162026,61996913,0.0000,1.0
2023-06-05,182.63,184.951,178.035,179.58,178.430934283154,121946497,0.0000,1.0
2023-06-06,179.965,180.12,177.43,179.21,178.063301775721,64848374,0.0000,1.0
2023-06-07,178.44,181.21,177.32,177.82,176.68219586942,61944615,0.0000,1.0
2023-06-08,177.895,180.84,177.46,180.57,179.414599640879,50214881,0.0000,1.0
2023-06-09,181.5,182.23,180.63,180.96,179.802104175741,48899973,0.0000,1.0
2023-06-12,181.27,183.89,180.97,183.79,182.613996056915,54754995,0.0000,1.0
2023-06-13,182.8,184.15,182.44,183.31,182.137067398624,54929129,0.0000,1.0
2023-06-14,183.37,184.39,182.02,183.95,182.772972276346,57462882,0.0000,1.0
2023-06-15,183.96,186.52,183.78,186.01,184.819791101511,65433166,0.0000,1.0
2023-06-16,186.73,186.99,184.27,184.92,183.736765606642,101256225,0.0000,1.0
2023-06-20,184.41,186.1,184.41,185.01,183.826189730072,49799092,0.0000,1.0
2023-06-21,184.9,185.41,182.5901,183.96,182.78290829006,49515697,0.0000,1.0
2023-06-22,183.74,187.045,183.67,187.0,185.803456459237,51245327,0.0000,1.0
2023-06-23,185.55,187.56,185.01,186.68,185.485504020376,53116996,0.0000,1.0
2023-06-26,186.83,188.05,185.23,185.27,184.084526086646,48088661,0.0000,1.0
2023-06-27,185.89,188.39,185.67,188.06,186.856673912963,50730846,0.0000,1.0
2023-06-28,187.93,189.9,187.6,189.25,188.039059544976,51216801,0.0000,1.0
2023-06-29,189.08,190.07,188.94,189.59,188.376884011266,46347308,0.0000,1.0
2023-06-30,191.63,194.48,191.26,193.97,192.728858018172,85213216,0.0000,1.0
2023-07-03,193.78,193.88,191.76,192.46,191.228519947298,31458198,0.0000,1.0
2023-07-05,191.565,192.98,190.62,191.33,190.105750397571,46920261,0.0000,1.0
2023-07-06,189.84,192.02,189.2,191.81,190.582679055862,45156009,0.0000,1.0
2023-07-07,191.41,192.67,190.24,190.68,189.459909506135,46814998,0.0000,1.0
2023-07-10,189.26,189.99,187.035,188.61,187.403154667255,59922163,0.0000,1.0
2023-07-11,189.16,189.3,186.6,188.08,186.876545940392,46638119,0.0000,1.0
2023-07-12,189.68,191.7,188.47,189.77,188.555732258125,60750248,0.0000,1.0
2023-07-13,190.5,191.19,189.78,190.54,189.320805314134,41342338,0.0000,1.0
2023-07-14,190.23,191.1799,189.63,190.69,189.46984551985,41616242,0.0000,1.0
2023-07-17,191.9,194.32,191.81,193.99,192.748730045601,50520159,0.0000,1.0
2023-07-18,193.35,194.33,192.415,193.73,192.490393689026,48353774,0.0000,1.0
2023-07-19,193.1,198.23,192.65,195.1,193.851627567899,80507323,0.0000,1.0
2023-07-20,195.09,196.47,192.495,193.13,191.894232866163,59581196,0.0000,1.0
2023-07-21,194.1,194.97,191.23,191.94,190.711847234149,71951683,0.0000,1.0
2023-07-24,193.41,194.91,192.25,192.75,191.516664345015,45505097,0.0000,1.0
2023-07-25,193.33,194.44,192.915,193.62,192.381097538168,37283201,0.0000,1.0
2023-07-26,193.67,195.64,193.32,194.5,193.255466745035,47471868,0.0000,1.0
2023-07-27,196.02,197.2,192.55,193.22,191.983656989592,47460180,0.0000,1.0
2023-07-28,194.67,196.626,194.14,195.83,194.57695656905,48291443,0.0000,1.0
2023-07-31,196.06,196.49,195.26,196.45,195.192989419343,38824113,0.0000,1.0
2023-08-01,196.235,196.73,195.28,195.605,194.353396260476,35281426,0.0000,1.0
2023-08-02,195.04,195.18,191.8507,192.58,191.347752111871,50389327,0.0000,1.0
2023-08-03,191.57,192.37,190.69,191.17,189.946774178141,62243282,0.0000,1.0
2023-08-04,185.52,187.38,181.92,181.99,180.825513588324,115956841,0.0000,1.0
2023-08-07,182.13,183.13,177.35,178.85,177.705605282003,97576069,0.0000,1.0
2023-08-08,179.69,180.27,177.58,179.8,178.649526584871,67823003,0.0000,1.0
2023-08-09,180.87,180.93,177.01,178.19,177.049828376852,60378492,0.0000,1.0
2023-08-10,179.48,180.75,177.6,177.97,176.831236075136,54686851,0.0000,1.0
2023-08-11,177.32,178.62,176.55,177.79,176.890852157422,52036672,0.2400,1.0
2023-08-14,177.97,179.69,177.305,179.46,178.552406368024,43675627,0.0000,1.0
2023-08-15,178.88,179.48,177.05,177.45,176.552571659455,43622593,0.0000,1.0
2023-08-16,177.13,178.54,176.5,176.57,175.677022135306,46964857,0.0000,1.0
2023-08-17,177.14,177.5054,173.48,174.0,173.120019547733,66062882,0.0000,1.0
2023-08-18,172.3,175.1,171.96,174.49,173.607541441862,61172150,0.0000,1.0
2023-08-21,175.07,176.13,173.735,175.84,174.950714007318,46311879,0.0000,1.0
2023-08-22,177.06,177.68,176.25,177.23,176.333684278418,42084245,0.0000,1.0
2023-08-23,178.52,181.55,178.325,181.12,180.204011152215,52722752,0.0000,1.0
2023-08-24,180.674,181.104,176.01,176.38,175.487983033501,54945798,0.0000,1.0
2023-08-25,177.38,179.15,175.82,178.61,177.706705123107,51449594,0.0000,1.0
2023-08-28,180.09,180.59,178.545,180.19,179.278714496012,43820697,0.0000,1.0
2023-08-29,179.695,184.9,179.5,184.12,183.188839075452,53003948,0.0000,1.0
2023-08-30,184.94,187.85,184.74,187.65,186.70098659846,60813888,0.0000,1.0
2023-08-31,187.84,189.12,187.48,187.87,186.919873979498,60794467,0.0000,1.0
2023-09-01,189.485,189.92,188.28,189.46,188.501832778813,45766503,0.0000,1.0
2023-09-05,188.28,189.98,187.61,189.7,188.740619012672,45280027,0.0000,1.0
2023-09-06,188.4,188.85,181.47,182.91,181.984958479746,81755816,0.0000,1.0
2023-09-07,175.18,178.21,173.54,177.56,176.662015349974,112488803,0.0000,1.0
2023-09-08,178.35,180.239,177.79,178.18,177.278879787443,65602066,0.0000,1.0
2023-09-11,180.07,180.3,177.34,179.36,178.452912103916,58953052,0.0000,1.0
2023-09-12,179.49,180.13,174.82,176.3,175.408387622215,90370192,0.0000,1.0
2023-09-13,176.51,177.3,173.98,174.21,173.32895750236,84267928,0.0000,1.0
2023-09-14,174.0,176.1,173.58,175.74,174.85121974321,60895757,0.0000,1.0
2023-09-15,176.48,176.495,173.82,175.01,174.124911615223,109259461,0.0000,1.0
2023-09-18,176.48,179.38,176.17,177.97,177.069941832816,67257573,0.0000,1.0
2023-09-19,177.52,179.63,177.13,179.07,178.164378738003,51826941,0.0000,1.0
2023-09-20,179.26,179.695,175.4,175.49,174.602484082941,58436181,0.0000,1.0
2023-09-21,174.55,176.3,173.86,173.93,173.050373562857,63149116,0.0000,1.0
2023-09-22,174.67,177.079,174.05,174.79,173.906024234185,56725385,0.0000,1.0
2023-09-25,174.2,176.97,174.15,176.08,175.189500241177,46172740,0.0000,1.0
2023-09-26,174.82,175.2,171.66,171.96,171.090336559932,64588945,0.0000,1.0
2023-09-27,172.62,173.04,169.05,170.43,169.568074319081,66921808,0.0000,1.0
2023-09-28,169.34,172.03,167.62,170.69,169.826759405762,56294419,0.0000,1.0
2023-09-29,172.02,173.07,170.341,171.21,170.344129579123,51861083,0.0000,1.0
2023-10-02,171.22,174.3,170.93,173.75,172.871283887463,52164535,0.0000,1.0
2023-10-03,172.255,173.63,170.82,172.4,171.528111322007,49594613,0.0000,1.0
2023-10-04,171.09,174.21,170.97,173.66,172.781739049766,53020286,0.0000,1.0
2023-10-05,173.79,175.45,172.68,174.91,174.025417351115,48527918,0.0000,1.0
2023-10-06,173.8,177.99,173.18,177.49,176.592369365098,57266675,0.0000,1.0
2023-10-09,176.81,179.05,175.8,178.99,178.084783326717,42390772,0.0000,1.0
2023-10-10,178.1,179.72,177.95,178.39,177.487817742069,43698019,0.0000,1.0
2023-10-11,178.2,179.85,177.6,179.8,178.890686865991,47551098,0.0000,1.0
2023-10-12,180.07,182.34,179.04,180.71,179.796084669373,56743119,0.0000,1.0
2023-10-13,181.42,181.93,178.14,178.85,177.945491356966,51456082,0.0000,1.0
2023-10-16,176.75,179.075,176.51,178.72,177.816148813626,52516984,0.0000,1.0
2023-10-17,176.645,178.42,174.8,177.15,176.254088867132,57549350,0.0000,1.0
2023-10-18,175.58,177.575,175.11,175.84,174.950714007318,54764375,0.0000,1.0
2023-10-19,176.04,177.84,175.19,175.46,174.572635803708,59302863,0.0000,1.0
2023-10-20,175.31,175.42,172.64,172.88,172.005683789725,64244028,0.0000,1.0
2023-10-23,170.91,174.01,169.93,173.0,172.125076906654,55980109,0.0000,1.0
2023-10-24,173.05,173.67,171.45,173.44,172.562851668729,43816644,0.0000,1.0
2023-10-25,171.88,173.06,170.65,171.1,170.234685888604,57156962,0.0000,1.0
2023-10-26,170.37,171.3775,165.67,166.89,166.045977369662,70625258,0.0000,1.0
2023-10-27,166.91,168.96,166.83,168.22,167.369251082297,58499129,0.0000,1.0
2023-10-30,169.02,171.17,168.87,170.29,169.42878234933,51130955,0.0000,1.0
2023-10-31,169.35,170.9,167.9,170.77,169.906354817048,44846017,0.0000,1.0
2023-11-01,171.0,174.23,170.12,173.97,173.090171268501,56934906,0.0000,1.0
2023-11-02,175.52,177.78,175.46,177.57,176.671964776385,77334752,0.0000,1.0
2023-11-03,174.24,176.82,173.35,176.65,175.756617546592,79829246,0.0000,1.0
2023-11-06,176.38,179.43,176.21,179.23,178.323569560576,63841310,0.0000,1.0
2023-11-07,179.18,182.44,178.97,181.82,180.90047100097,70529966,0.0000,1.0
2023-11-08,182.35,183.45,181.59,182.89,181.965059626925,49340282,0.0000,1.0
2023-11-09,182.96,184.12,181.81,182.41,181.487487159207,53763540,0.0000,1.0
2023-11-10,183.97,186.565,183.53,186.4,185.696094530971,66177922,0.2400,1.0
2023-11-13,185.82,186.03,184.21,184.8,184.102136638001,43627519,0.0000,1.0
2023-11-14,187.7,188.11,186.3,187.44,186.732167161401,60108378,0.0000,1.0
2023-11-15,187.845,189.5,187.78,188.01,187.300014660771,53790499,0.0000,1.0
2023-11-16,189.57,190.96,188.65,189.71,188.993594922052,54412915,0.0000,1.0
2023-11-17,190.25,190.38,188.57,189.69,188.97367044839,50941404,0.0000,1.0
2023-11-20,189.89,191.905,189.88,191.45,190.727024130656,46538614,0.0000,1.0
2023-11-21,191.41,191.52,189.74,190.64,189.92008294734,38134485,0.0000,1.0
2023-11-22,191.49,192.93,190.825,191.31,190.587552815021,39630011,0.0000,1.0
2023-11-24,190.87,190.9,189.25,189.97,189.252613079659,24048344,0.0000,1.0
2023-11-27,189.92,190.67,188.9,189.79,189.0732928167,40552609,0.0000,1.0
2023-11-28,189.78,191.08,189.4,190.4,189.680989263395,38415419,0.0000,1.0
2023-11-29,190.9,192.09,188.97,189.37,188.654878869796,43014224,0.0000,1.0
2023-11-30,189.84,190.32,188.19,189.95,189.232688605997,48794366,0.0000,1.0
2023-12-01,190.33,191.56,189.23,191.24,190.517817157204,45704823,0.0000,1.0
2023-12-04,189.98,190.05,187.4511,189.43,188.714652290782,43389519,0.0000,1.0
2023-12-05,190.21,194.4,190.18,193.42,192.689584786375,66628398,0.0000,1.0
2023-12-06,194.45,194.76,192.11,192.32,191.593738734959,40895115,0.0000,1.0
2023-12-07,193.63,195.0,193.59,194.27,193.536374917015,47477655,0.0000,1.0
2023-12-08,194.2,195.99,193.67,195.71,194.970937020688,53406358,0.0000,1.0
2023-12-11,193.11,193.49,191.42,193.18,192.45049110243,60943699,0.0000,1.0
2023-12-12,193.08,194.72,191.721,194.71,193.974713337582,52696900,0.0000,1.0
2023-12-13,195.09,198.0,194.85,197.96,197.212440307677,70404183,0.0000,1.0
2023-12-14,198.02,199.62,196.16,198.11,197.361873860143,66831572,0.0000,1.0
2023-12-15,197.53,198.3999,197.0,197.57,196.823913071265,128538401,0.0000,1.0
2023-12-18,196.09,196.63,194.39,195.89,195.150257283647,55751861,0.0000,1.0
2023-12-19,196.16,196.95,195.89,196.94,196.196292150909,40233138,0.0000,1.0
2023-12-20,196.9,197.68,194.83,194.83,194.094260179555,52242815,0.0000,1.0
2023-12-21,196.1,197.08,193.5,194.68,193.944826627089,46482549,0.0000,1.0
2023-12-22,195.18,195.41,192.97,193.6,192.868905049334,37149570,0.0000,1.0
2023-12-26,193.61,193.89,192.83,193.05,192.320982023626,28919310,0.0000,1.0
2023-12-27,192.49,193.5,191.09,193.15,192.420604391937,47899806,0.0000,1.0
2023-12-28,194.14,194.66,193.17,193.58,192.848980575672,34049898,0.0000,1.0
2023-12-29,193.9,194.4,191.725,192.53,191.802945708411,42672148,0.0000,1.0
2024-01-02,187.15,188.44,183.885,185.64,184.93896453181,82488674,0.0000,1.0
2024-01-03,184.22,185.88,183.43,184.25,183.554213612293,58414460,0.0000,1.0
2024-01-04,182.15,183.0872,180.88,181.91,181.223050193824,71983570,0.0000,1.0
2024-01-05,181.99,182.76,180.17,181.18,180.495806905157,62196924,0.0000,1.0
2024-01-08,182.085,185.6,181.5,185.56,184.859266637162,59144470,0.0000,1.0
2024-01-09,183.92,185.15,182.73,185.14,184.440852690257,42841809,0.0000,1.0
2024-01-10,184.35,186.4,183.92,186.19,185.486887557518,46792908,0.0000,1.0
2024-01-11,186.54,187.05,183.62,185.59,184.889153347655,49128408,0.0000,1.0
2024-01-12,186.06,186.74,185.19,185.92,185.21790716308,40477782,0.0000,1.0
2024-01-16,182.16,184.26,180.934,183.63,182.936554928767,65603041,0.0000,1.0
2024-01-17,181.27,182.93,180.3,182.68,181.990142429816,47317433,0.0000,1.0
2024-01-18,186.09,189.14,185.83,188.63,187.917673344297,78005754,0.0000,1.0
2024-01-19,189.33,191.95,188.82,191.56,190.836608735798,68902985,0.0000,1.0
2024-01-22,192.3,195.33,192.26,193.89,193.157809917435,60133852,0.0000,1.0
2024-01-23,195.02,195.75,193.8299,195.18,194.442938468642,42355590,0.0000,1.0
2024-01-24,195.42,196.38,194.34,194.5,193.76550636413,53463269,0.0000,1.0
2024-01-25,195.22,196.2675,193.1125,194.17,193.436752548705,54822126,0.0000,1.0
2024-01-26,194.27,194.76,191.94,192.42,191.693361103269,44594011,0.0000,1.0
2024-01-29,192.01,192.2,189.58,191.73,191.005966761926,47145622,0.0000,1.0
2024-01-30,190.94,191.8,187.47,188.04,187.329901371265,55859370,0.0000,1.0
2024-01-31,187.04,187.095,184.35,184.4,183.703647164759,55467803,0.0000,1.0
2024-02-01,183.985,186.95,183.82,186.86,186.154357425199,64885408,0.0000,1.0
2024-02-02,179.86,187.33,179.25,185.85,185.148171505262,102551680,0.0000,1.0
2024-02-05,188.15,189.25,185.84,187.68,186.971260845346,69668820,0.0000,1.0
2024-02-06,186.86,189.31,186.7695,189.3,188.585143211978,43490759,0.0000,1.0
2024-02-07,190.64,191.05,188.61,189.41,188.69472781712,53438955,0.0000,1.0
2024-02-08,189.385,189.535,187.35,188.32,187.608844002534,40962046,0.0000,1.0
2024-02-09,188.65,189.99,188.0,188.85,188.375936238526,45155216,0.2400,1.0
2024-02-12,188.415,188.67,186.79,187.15,186.680203690972,41781934,0.0000,1.0
2024-02-13,185.77,186.21,183.5128,185.04,184.575500352538,56529529,0.0000,1.0
2024-02-14,185.32,185.53,182.44,184.15,183.687734489407,54630517,0.0000,1.0
2024-02-15,183.55,184.49,181.35,183.86,183.398462466589,65434496,0.0000,1.0
2024-02-16,183.42,184.85,181.665,182.31,181.852353379114,49752465,0.0000,1.0
2024-02-20,181.79,182.43,180.0,181.56,181.104236078723,53665553,0.0000,1.0
2024-02-21,181.94,182.8888,180.66,182.32,181.862328276453,41529674,0.0000,1.0
2024-02-22,183.48,184.955,182.46,184.37,183.907182230855,52292208,0.0000,1.0
2024-02-23,185.01,185.04,182.23,182.52,182.061826223224,45119677,0.0000,1.0
2024-02-26,182.24,182.76,180.65,181.16,180.705240185181,40867421,0.0000,1.0
2024-02-27,181.1,183.9225,179.56,182.63,182.171550093948,54318851,0.0000,1.0
2024-02-28,182.51,183.12,180.13,181.42,180.964587515983,48953939,0.0000,1.0
2024-02-29,181.27,182.57,179.53,180.75,180.2962693943,136682597,0.0000,1.0
2024-03-01,179.55,180.53,177.38,179.66,179.209005584398,73563082,0.0000,1.0
2024-03-04,176.15,176.9,173.79,175.1,174.660452398019,81510101,0.0000,1.0
2024-03-05,170.76,172.04,169.62,170.12,169.692953523421,95132355,0.0000,1.0
2024-03-06,171.06,171.24,168.68,169.12,168.695463789566,68587707,0.0000,1.0
2024-03-07,169.15,170.73,168.49,169.0,168.575765021503,71765061,0.0000,1.0
2024-03-08,169.0,173.7,168.94,170.73,170.301422261072,76267041,0.0000,1.0
2024-03-11,172.94,174.38,172.05,172.75,172.31635152346,58929918,0.0000,1.0
2024-03-12,173.15,174.03,171.01,173.23,172.79514659571,59544927,0.0000,1.0
2024-03-13,172.77,173.185,170.76,171.13,170.700418154615,51948951,0.0000,1.0
2024-03-14,172.91,174.3078,172.05,173.0,172.565723956923,72571635,0.0000,1.0
2024-03-15,171.17,172.62,170.285,172.62,172.186677858059,121752699,0.0000,1.0
2024-03-18,175.57,177.71,173.52,173.72,173.283916565299,75604184,0.0000,1.0
2024-03-19,174.34,176.605,173.03,176.08,175.637992337197,55215244,0.0000,1.0
2024-03-20,175.72,178.67,175.09,178.67,178.221490747882,53423102,0.0000,1.0
2024-03-21,177.05,177.49,170.84,171.37,170.93981569074,106181270,0.0000,1.0
2024-03-22,171.76,173.05,170.06,172.28,171.847531348548,71160138,0.0000,1.0
2024-03-25,170.565,171.94,169.45,170.85,170.421121029135,54288328,0.0000,1.0
2024-03-26,170.0,171.42,169.58,169.71,169.28398273254,57388449,0.0000,1.0
2024-03-27,170.41,173.6,170.11,173.31,172.874945774419,60273265,0.0000,1.0
2024-03-28,171.75,172.23,170.51,171.48,171.049539561464,65672690,0.0000,1.0
2024-04-01,171.19,171.25,169.475,170.03,169.603179447374,43772506,0.0000,1.0
2024-04-02,169.08,169.34,168.2302,168.84,168.416166664086,49013991,0.0000,1.0
2024-04-03,168.79,170.68,168.58,169.65,169.224133348509,45571129,0.0000,1.0
2024-04-04,170.29,171.92,168.82,168.82,168.396216869409,53355055,0.0000,1.0
2024-04-05,169.59,170.39,168.95,169.58,169.154309067139,41975776,0.0000,1.0
2024-04-08,169.03,169.2,168.24,168.45,168.027145667883,37216858,0.0000,1.0
2024-04-09,168.7,170.08,168.35,169.67,169.244083143186,42231444,0.0000,1.0
2024-04-10,168.8,169.09,167.11,167.78,167.3588275462,49709336,0.0000,1.0
2024-04-11,168.34,175.46,168.16,175.04,174.600603013988,91070275,0.0000,1.0
2024-04-12,174.26,178.36,174.21,176.55,176.106812512109,101670886,0.0000,1.0
2024-04-15,175.36,176.63,172.5,172.69,172.256502139428,73531773,0.0000,1.0
2024-04-16,171.75,173.76,168.27,169.38,168.954811120368,73711235,0.0000,1.0
2024-04-17,169.61,170.65,168.0,168.0,167.578275287648,50901210,0.0000,1.0
2024-04-18,168.03,168.64,166.55,167.04,166.620685143147,43122903,0.0000,1.0
2024-04-19,166.21,166.4,164.075,165.0,164.585806086083,68149377,0.0000,1.0
2024-04-22,165.515,167.26,164.77,165.84,165.423697462521,48116443,0.0000,1.0
2024-04-23,165.35,167.05,164.92,166.9,166.481036580408,49537761,0.0000,1.0
2024-04-24,166.54,169.3,166.21,169.02,168.59571481618,48251835,0.0000,1.0
2024-04-25,169.525,170.61,168.1511,169.89,169.463530884634,50558329,0.0000,1.0
2024-04-26,169.88,171.34,169.18,169.3,168.87501194166,44838354,0.0000,1.0
2024-04-29,173.37,176.03,173.1,173.5,173.064468823851,68169419,0.0000,1.0
2024-04-30,173.33,174.99,170.0,170.33,169.90242636753,65934776,0.0000,1.0
2024-05-01,169.58,172.705,169.11,169.3,168.87501194166,50383147,0.0000,1.0
2024-05-02,172.51,173.415,170.89,173.03,172.595648648939,94214915,0.0000,1.0
2024-05-03,186.645,187.0,182.66,183.38,182.919667394339,163224109,0.0000,1.0
2024-05-06,182.354,184.2,180.42,181.71,181.253859538801,78569667,0.0000,1.0
2024-05-07,183.45,184.9,181.32,182.4,181.942127455161,77305771,0.0000,1.0
2024-05-08,182.85,183.07,181.45,182.74,182.281273964672,45057087,0.0000,1.0
2024-05-09,182.56,184.66,182.11,184.57,184.106680177626,48982972,0.0000,1.0
2024-05-10,184.9,185.09,182.13,183.05,182.83986821563,50759496,0.2500,1.0
2024-05-13,185.435,187.1,184.62,186.28,186.066160345303,72044809,0.0000,1.0
2024-05-14,187.51,188.3,186.29,187.43,187.214840205712,52393619,0.0000,1.0
2024-05-15,187.91,190.65,187.37,189.72,189.502211406006,70399988,0.0000,1.0
2024-05-16,190.47,191.095,189.6601,189.84,189.62207365231,52845230,0.0000,1.0
2024-05-17,189.51,190.81,189.18,189.87,189.652039213886,41282925,0.0000,1.0
2024-05-20,189.325,191.9199,189.01,191.04,190.820696115346,44361275,0.0000,1.0
2024-05-21,191.09,192.73,190.9201,192.35,192.12919230416,42309401,0.0000,1.0
2024-05-22,192.265,192.8231,190.27,190.9,190.680856827992,34648547,0.0000,1.0
2024-05-23,190.98,191.0,186.625,186.88,186.665471576821,51005924,0.0000,1.0
2024-05-24,188.82,190.58,188.0404,189.98,189.761912939664,36326975,0.0000,1.0
2024-05-28,191.51,193.0,189.1,189.99,189.771901460189,52280051,0.0000,1.0
2024-05-29,189.61,192.247,189.51,190.29,190.071557075948,53068016,0.0000,1.0
2024-05-30,190.76,192.18,190.63,191.29,191.070409128478,49947941,0.0000,1.0
2024-05-31,191.44,192.57,189.91,192.25,192.029307098907,75158277,0.0000,1.0
2024-06-03,192.9,194.99,192.52,194.03,193.807263752411,50080539,0.0000,1.0
2024-06-04,194.635,195.32,193.0342,194.35,194.12689640922,47471445,0.0000,1.0
2024-06-05,195.4,196.9,194.87,195.87,195.645151529066,54156785,0.0000,1.0
2024-06-06,195.685,196.5,194.17,194.48,194.256747176049,41181753,0.0000,1.0
2024-06-07,194.65,196.94,194.14,196.89,196.663980622647,53103912,0.0000,1.0
2024-06-10,196.9,197.3,192.15,193.12,192.898308384608,97262077,0.0000,1.0
2024-06-11,193.65,207.16,193.63,207.15,206.912202681605,172373296,0.0000,1.0
2024-06-12,207.37,220.2,206.9,213.07,212.825406832583,198134293,0.0000,1.0
2024-06-13,214.74,216.75,211.6,214.24,213.994063734044,97862729,0.0000,1.0
2024-06-14,213.85,215.17,211.3,212.49,212.246072642116,70122748,0.0000,1.0
2024-06-17,213.37,218.95,212.72,216.67,216.421274221692,93728300,0.0000,1.0
2024-06-18,217.59,218.63,213.0,214.29,214.04400633667,79943254,0.0000,1.0
2024-06-20,213.93,214.24,208.85,209.68,209.439298374506,86172451,0.0000,1.0
2024-06-21,210.39,211.89,207.11,207.49,207.251812379466,246421353,0.0000,1.0
2024-06-24,207.72,212.7,206.59,208.14,207.90106621361,80727006,0.0000,1.0
2024-06-25,209.15,211.38,208.61,209.07,208.829998622463,56713868,0.0000,1.0
2024-06-26,211.5,214.86,210.64,213.25,213.005200202039,66213186,0.0000,1.0
2024-06-27,214.69,215.7395,212.35,214.1,213.854224446689,49772707,0.0000,1.0
2024-06-28,215.77,216.07,210.3,210.62,210.378219303885,82542718,0.0000,1.0
2024-07-01,212.09,217.51,211.92,216.75,216.501182385894,60402929,0.0000,1.0
2024-07-02,216.15,220.38,215.1,220.27,220.0171416108,58046178,0.0000,1.0
2024-07-03,220.0,221.55,219.03,221.55,221.295672238038,37369801,0.0000,1.0
2024-07-05,221.65,226.45,221.65,226.34,226.080173569657,60412408,0.0000,1.0
2024-07-08,227.09,227.85,223.25,227.82,227.558474607402,59085861,0.0000,1.0
2024-07-09,227.93,229.4,226.3721,228.68,228.417487372578,48169822,0.0000,1.0
2024-07-10,229.3,233.08,229.25,232.98,232.712551198457,62627687,0.0000,1.0
2024-07-11,231.39,232.39,225.77,227.57,227.308761594269,64710617,0.0000,1.0
2024-07-12,228.92,232.64,228.68,230.54,230.275352190284,53046527,0.0000,1.0
2024-07-15,236.48,237.23,233.09,234.4,234.13092111305,62631252,0.0000,1.0
2024-07-16,235.0,236.27,232.33,234.82,234.550438975112,43234278,0.0000,1.0
2024-07-17,229.45,231.4599,226.64,228.88,228.617257783084,57345884,0.0000,1.0
2024-07-18,230.28,230.44,222.27,224.18,223.922653136193,66034585,0.0000,1.0
2024-07-19,224.82,226.8,223.275,224.31,224.052503903021,49151453,0.0000,1.0
2024-07-22,227.01,227.78,223.09,223.96,223.702905684636,48201835,0.0000,1.0
2024-07-23,224.365,226.94,222.68,225.01,224.751700339792,39960260,0.0000,1.0
2024-07-24,224.0,224.8,217.13,218.54,218.289127559923,61777576,0.0000,1.0
2024-07-25,218.93,220.85,214.62,217.49,217.240332904766,51391199,0.0000,1.0
2024-07-26,218.7,219.49,216.01,217.96,217.709793369455,41601345,0.0000,1.0
2024-07-29,216.96,219.3,215.75,218.24,217.989471944164,36311778,0.0000,1.0
2024-07-30,219.19,220.325,216.12,218.8,218.548829093581,41643840,0.0000,1.0
2024-07-31,221.44,223.82,220.63,222.08,221.825063825879,50036262,0.0000,1.0
2024-08-01,224.37,224.48,217.02,218.36,218.109334190467,62500996,0.0000,1.0
2024-08-02,219.15,225.6,217.71,219.86,219.607612269263,105568560,0.0000,1.0
2024-08-05,199.09,213.5,196.0,209.27,209.029769032969,119548589,0.0000,1.0
2024-08-06,205.3,209.99,201.07,207.23,206.992110845808,69660488,0.0000,1.0
2024-08-07,206.9,213.64,206.39,209.82,209.579137661861,63516417,0.0000,1.0
2024-08-08,213.11,214.2,208.83,213.31,213.065131325191,47161149,0.0000,1.0
2024-08-09,212.1,216.78,211.97,216.24,215.991767839104,42201646,0.0000,1.0
2024-08-12,216.07,219.5099,215.6,217.53,217.53,38028092,0.2500,1.0
2024-08-13,219.01,221.89,219.01,221.27,221.27,44155331,0.0000,1.0
2024-08-14,220.57,223.03,219.7,221.72,221.72,41960574,0.0000,1.0
2024-08-15,224.6,225.35,222.76,224.72,224.72,46414013,0.0000,1.0
2024-08-16,223.92,226.8271,223.6501,226.05,226.05,44340240,0.0000,1.0
2024-08-19,225.72,225.99,223.04,225.89,225.89,40687813,0.0000,1.0
2024-08-20,225.77,227.17,225.45,226.51,226.51,30299033,0.0000,1.0
2024-08-21,226.52,227.98,225.05,226.4,226.4,34765480,0.0000,1.0
2024-08-22,227.79,228.34,223.9,224.53,224.53,43695321,0.0000,1.0
2024-08-23,225.6589,228.22,224.33,226.84,226.84,38677250,0.0000,1.0
2024-08-26,226.76,227.28,223.8905,227.18,227.18,30602208,0.0000,1.0
2024-08-27,225.995,228.85,224.89,228.03,228.03,35934559,0.0000,1.0
2024-08-28,227.92,229.86,225.68,226.49,226.49,38052167,0.0000,1.0
